COD;CNPJ;NOME;STATUS
23;2,18278E+13;CARLOS LEONARDO ROCHA AGUSTINHO;5
32;3,58154E+13;EA MOTORSPORTS LTDA;5
83;8,60596E+12;CASSIA SUZANA JULIATO LTDA;5
102;2,75288E+13;DUCENA JOIAS LTDA;5
108;3,85025E+13;ALEXANDRE SIGRIST DE MARTIN;5
120;5,81815E+13;AMAL - EMPREENDIMENTOS E MINERADORA ALVORADA LTDA;5
126;3,14603E+13;FLORA MANTO VERDE LTDA;5
141;1,07812E+13;GANASH BISTRO EIRELI;5
144;4,08383E+13;GENERAL FRAME LTDA;5
151;3,57823E+13;GMZ LOGISTICA LTDA;NADA
157;3,32489E+13;HELIO RIBEIRO RES 28216792972;5
161;4,16993E+13;SS GRAPHICS LABEL LTDA;5
169;4,17517E+13;JMLP EMBALAGENS LTDA - R;5
171;6,6158E+13;JOLICOLOR COMERCIO DE ETIQUETAS ADESIVAS LTDA;5
230;9,26115E+12;MATHEUS & CREMASCO LTDA;5
266;1,35584E+13;A. FERREIRA DE ALMEIDA PRODUTOS DE LIMPEZA LIMITADA - E;5
293;1,38816E+13;RF VALINHOS COMERCIO E SERVICOS AUTOMOTIVOS LTDA;5
357;3,72782E+13;VINHEPLACAS ESTAMPAGEM E COMERCIO DE PLACAS LTDA;5
445;4,46052E+13;CARLOS AUGUSTO NUNES DO AMARAL;5
447;9,30088E+12;ARNALDO VILARONGA RAMOS;5
454;4,0436E+13;FELIPE RIZZO REINALDO 43106184809;5
456;3,56811E+13;NOVA GERACAO TERRAPLENAGEM LTDA - R;5
463;1,24422E+13;LEANDRO BATISTA CREPALDI;5
487;2,93748E+13;RICARDO FELICIANO BARBOSA 29503832896;5
488;2,89155E+13;CRIARE DENTAL DESIGN EIRELI;5
493;1,89852E+13;TATIANE COSTA HONORIO 37772944896;5
550;3,83907E+13;EDNEI ELIAS JUNIOR 34559527806;5
587;3,62588E+13;ESPACO LICO LICO RECREACAO INFANTIL LTDA;5
590;2,20027E+13;MADRUGA FOOD SERVICE LTDA;5
617;2,43749E+13;FORUM DAS ENTIDADES ASSISTENCIAIS DE VALINHOS - FEAV;5
668;4,29592E+13;GUARIENTE PAIVA LTDA;5
696;4,042E+13;YARA MASSAS ARTESANAIS LTDA;5
779;2,96118E+13;29.611.810 VAGNER BATISTA SANTOS;5
829;4,22691E+13;KANSAS STEAK BARBECUE LTDA;5
845;4,28948E+13;STONNE PRODUTOS E COSMETICOS NATURAIS LTDA;5
878;4,09774E+13;LA QUERCIA PIZZARIA LTDA;5
891;8,27611E+12;LAURENT P. SERRIGNY E OUTROS;NADA
918;4,30852E+13;SALGON GUARIENTE LTDA;5
1120;3,5015E+13;MARCIA DOS SANTOS ALVES 39938384838;5
1165;2,26006E+13;LS COMERCIO DE EQUIPAMENTOS PARA CELULARES LTDA - R;5
1167;7,61348E+12;INOVA INDUSTRIA E COMERCIO DE EMBALAGENS LTDA;5
1172;2,38076E+13;3C DIAGNOSTICOS ODONTOLOGICOS LTDA;5
1173;2,38076E+13;3C DIAGNOSTICOS ODONTOLOGICOS LTDA;5
1175;3,38991E+13;6SIGMA TRANSPORTES LTDA - E;5
1176;7,5915E+12;A. C. T. BARBOSA LTDA;5
1179;1,96103E+11;A. I. M. LOPES GARCIA MAYR;5
1182;2,98342E+13;A. MORALES SERVICOS VETERINARIOS;5
1187;2,68313E+13;A4 ESQUADRIAS DE ALUMINIO LTDA;5
1188;2,99675E+13;ABRIL FAST FOOD LTDA;5
1191;5,23506E+13;ACADEMIA DE DANCAS CORPO LIVRE LTDA;5
1192;7,5313E+12;ACADEMIA DE DANCAS VIVA ARTE LTDA - E;5
1193;6,13632E+12;ACAO FORTE;5
1197;5,35952E+12;AC-TEC TECNOLOGIA EM CONTROLE DE ACESSO E IDENTIFICACAO LTDA;5
1198;1,17189E+12;ADAO A. DA SILVA;5
1202;3,80441E+12;ADEMIR MACHARETH SCHUINDT;5
1203;7,1657E+12;ADERLENE MARTA MACAIRA;5
1204;1,05103E+13;ADRIANA RIBEIRO ALVES FREIRE - E;NADA
1205;2,5147E+13;ADRIANO BERNARDINETTI - R;5
1207;2,90175E+12;AGILISE COSMETICOS INDUSTRIA E COMERCIO LTDA;5
1208;1,06148E+13;AGNANI FERREIRA COMERCIO DE ACESSORIOS PARA AUTOS LTDA;5
1209;2,43003E+13;AGROPECUARIA SANTA RITA FRB LTDA;5
1211;3,08481E+13;AIFE ATENDIMENTO MEDICO LTDA;5
1212;9,57112E+12;LCG ROUPAS LTDA;NADA
1217;1,36862E+13;ALBUGARI COMERCIO DE LANCHES LTDA;5
1218;1,28506E+13;ALEX SANDRO TEIXEIRA SIQUEIRA;Empresa não encontrada
1219;2,66865E+13;ALEXANDRE ALVES RUELA;5
1220;1,39813E+13;ALEXANDRE BENASSI ROMAN;5
1228;5,63438E+12;ASSISTEC ARTIGOS PARA PISCINAS E MANUTENCAO LIMITADA;5
1231;1,80052E+13;ALLIATI SOLUCOES EM TECNOLOGIA LTDA - E;5
1233;1,93487E+13;ALMA COMERCIO DE ALIMENTOS LTDA.;5
1234;8,76252E+12;ALMA COMERCIO DE ARTIGOS PARA COMUNICACAO VISUAL LIMITADA - R;5
1235;3,27299E+13;ALMA COMERCIO DE BOLOS LTDA;5
1239;3,75798E+13;ALTERNATIVA SALGADOS LTDA;5
1240;1,40261E+13;ALUMETRIA ALUMINIOS LIMITADA;5
1241;9,37125E+12;ALUTON USINAGEM DE PRECISAO LTDA;5
1244;1,46997E+13;AMLABS LTDA;NADA
1253;1,85666E+13;ANA SILVIA BAGATELLA MARCON;5
1257;4,45542E+13;ANELIO ZANUCHI LANCHONETE;5
1259;5,97415E+12;ANGELA M.D.FERREIRA VIDRACARIA;5
1261;2,07909E+13;ANGULO 7 - SERVICOS ESPECIAIS EM SEGURANCA INDUSTRIAL LTDA - E;NADA
1262;1,89967E+13;ANIMA - SERVICOS DE ALMOXARIFADO LTDA.;5
1263;3,34837E+13;ANTONIO CARLOS GUARIENTE;5
1265;2,60962E+13;ANTONIO GOMES DROGARIAS LTDA;5
1266;2,60962E+13;ANTONIO GOMES DROGARIAS LTDA;5
1267;1,75474E+12;ANTONIO GOUVEA FILHO;5
1268;1,03759E+13;ANTONIO GUIMARAES XAVIER - E;5
1269;4,15057E+13;ANTONIO JOSE ROSSI;5
1270;6,78507E+13;ANTONIO STENIO PINHEIRO DA SILVA;5
1273;3,18657E+13;PEREIRA DE ARAUJO COMERCIO E SERVICOS LTDA;5
1275;1,16337E+13;AREA 19 TELECOMUNICACOES LTDA;5
1278;3,39367E+13;ARIANA PONGILIO URBAN - E;5
1280;2,93685E+13;ARMAZEM DONA LOURDES LTDA;5
1282;2,6541E+12;ARMELIN FESTAS E EVENTOS LIMITADA;5
1283;1,8037E+13;AROMA DE CACAU E- COMERCE SOLUCOES GASTRONOMICAS LTDA;NADA
1285;7,48993E+12;ART MOVEIS COMERCIO VAREJISTA DE MOVEIS LTDA - E;5
1286;1,76231E+13;AS SALGADOS LIMITADA;5
1289;4,46366E+13;ASSOCIACAO COMERCIAL E INDUSTRIAL DE VALINHOS;NADA
1290;5,33244E+12;ASSOCIACAO CULTURAL EDUCACIONAL SOCIAL E ASSISTENCIAL CAPUAVA;NADA
1297;5,83905E+13;ASSOCIACAO DOS JUIZES CLASSISTAS APOSENTADOS E PENSIONISTAS DA JUSTICA DO TRABALHO DA 15 REGIAO;5
1300;1,71715E+13;ATT - ATTENTIVE CENTER CLINICA DE ULTRASSONOGRAFIA LTDA;5
1302;4,7009E+13;AUTO ELETRICA BORTOLOTTO LTDA;5
1304;2,36453E+12;AUTO ESCOLA AMIGOS LIMITADA - E;5
1305;6,54481E+13;AUTO PECAS SAO JOAO DE JUNDIAI LTDA;NADA
1306;4,92073E+12;AUTO POSTO DAMIZADE LIMITADA;5
1307;3,60134E+12;AUTO POSTO MORADA DO SOL LTDA;5
1309;1,03892E+13;AVALIATIVA GESTAO DE INFORMACOES EDUCACIONAIS LTDA;5
1311;4,63767E+12;B. DE OLIVEIRA & OLIVEIRA LTDA;5
1317;1,97632E+13;BARBARA SILVA DE SANTANA LTDA;5
1318;1,97632E+13;BARBARA SILVA DE SANTANA EIRELI;5
1320;5,0064E+13;BARON ASSISTENCIA TECNICA E CONSERTOS DE ELETRODOMESTICOS LTDA;5
1328;8,69407E+12;BELA LOLOCA CONFECCAO LTDA - E;5
1329;8,69407E+12;BELA LOLOCA CONFECCAO LTDA;5
1330;1,08818E+13;ELR PADARIA E CONFEITARIA LTDA - E;5
1332;3,20271E+13;BEN STAR COMERCIO DE COSMETICOS LTDA;5
1337;1,1605E+13;BERNARDI & CARVALHAES LIMITADA;5
1344;1,21355E+13;BIO 2 FITNESS ACADEMIA LTDA - E;5
1345;6,54479E+13;BIO DINAMICA LTDA;5
1351;2,41804E+13;BMT ALIMENTOS LTDA;5
1352;2,05913E+13;BOM MESTRE CENTRO DE TRATAMENTO PARA DEPENDENTES DE ALCOOL E DROGAS LTDA - R;5
1356;2,4316E+13;BOTTER & CARMO LTDA;Empresa não encontrada
1358;4,01808E+13;BRACALENTE MINI MERCADO LTDA;5
1361;1,44505E+13;BRASILFRIGO PECAS E EQUIPAMENTOS LTDA;NADA
1362;1,96264E+13;BRET MANUTENCAO INDUSTRIAL LIMITADA;5
1364;2,81733E+12;STEFANE COMERCIO DE PESCADOS LTDA;5
1365;1,97448E+13;BRUNA SANTOS CLINICA DE FISIOTERAPIA LTDA - E;5
1380;4,34784E+13;NACIONAL CAR VALINHOS LTDA - E;5
1384;5,78435E+13;COMBASE USINAGEM DE PRECISAO LTDA;5
1401;3,8184E+13;O. A. M. SERVICOS EDUCACIONAIS LTDA;5
1406;2,30022E+13;SPORTME CENTRO DE TREINAMENTO LTDA - E;5
1413;3,95356E+12;INSTITUTO EDUCACIONAL ATRIUM LTDA;5
1414;1,28506E+13;CHOCODOGS INDUSTRIA DE ALIMENTOS PARA ANIMAIS LTDA;NADA
1448;3,66861E+13;RAPIDO VINHEDOS TRANSPORTES LTDA;5
1459;2,65458E+13;BUSGUER COMERCIO DE ALIMENTOS LTDA;5
1466;3,94624E+13;PORTAL DO LIBANO COZINHA LIBANESA LTDA;5
1467;1,53767E+13;MORETTI E CANTARANI - TRANSPORTES E LOGISTICA LTDA;30
1471;3,33026E+13;E. S. VIEIRA ALVENARIA LTDA;5
1497;6,04809E+12;MW SERVICE - COMERCIO E MANUTENCAO DE EQUIPAMENTOS ELETRICOS LTDA;NADA
1499;1,74239E+13;DZT MANUTENCAO EM FERRAMENTAS INDUSTRIAIS LTDA;5
1500;4,38572E+13;ACTION SUPLEMENTOS LTDA;5
1502;3,27407E+13;BAR GOVERNADOR LTDA;5
1506;4,38222E+13;BECO 105 RESTAURANTE LTDA;5
1528;2,96013E+12;CENTRO DE ORIENTACAO HUMANA E CRISTA SANTA RITA DE CA SSIA;5
1529;1,63845E+13;CONSELHO PARTICULAR SAO LUIZ GONZAGA DA SOCIEDADE DE SAO VICENTE DE PAULO DE VALINHOS;5
1531;7,30776E+13;INSTITUTO ESPERANCA;5
1532;7,30776E+13;INSTITUTO ESPERANCA;5
1533;4,46376E+13;RECANTO DOS VELHINHOS DE VALINHOS;5
1541;1,12866E+13;REDE RODRIGUES DROGARIA LTDA;5
1543;2,21616E+11;COLOMAQ COMERCIO E LOCACAO DE MAQUINAS LTDA;5
1545;9,30382E+12;DATA CENTER SERVICES LTDA;5
1558;9,63375E+13;MARCENARIA PINHEIROS LTDA;5
1585;7,58428E+12;BORSTNAR & SANTOS LIMITADA;5
1640;3,46963E+12;PROJEPACK ASSESSORIA TECNICA DE EMBALAGENS LTDA;5
1641;7,20568E+12;NALLIN COMERCIO DE AREIA E PEDRAS LIMITADA;5
1643;5,10075E+12;DANIELA REGINA CAETANO FACUNDO;5
1644;2,41109E+12;JOSE ROBERTO VERONE VALINHOS;5
1645;3,46171E+13;PIZZARIA BRAZVILLE LTDA;5
1646;7,26821E+12;MODHERMA FARMACIA DE MANIPULACAO LIMITADA;5
1647;6,17578E+13;COMERCIO DE AREIA E PEDRAS VALINHOS LTDA;5
1651;4,95711E+12;MARIA INES GERALDO GIMENES VALINHOS;5
1654;5,9445E+12;FRANCISCATO & SOUZA LTDA;5
1655;4,60361E+13;PADARIA E CONFEITARIA VALINHENSE LTDA;5
1661;2,73696E+12;F. ZAMUNER VALINHOS LTDA;5
1666;2,00257E+13;MATRIZ BRASIL INDUSTRIA E COMERCIO DE CLICHES E MATRIZES LTDA;NADA
1668;1,91585E+13;SISTEMAS E SOLUCOES INDUSTRIAIS EM FILTRAGEM LTDA;5
1671;5,72698E+12;LYT SERVICOS ADMINISTRATIVOS LTDA;5
1676;8,14283E+12;DW2S SISTEMAS DE SEGURANCA LIMITADA;5
1677;5,15894E+12;CARLOS CUSTODIO & CUSTODIO LTDA;5
1678;3,64165E+13;L. A. BIJUTERIAS LTDA;5
1680;3,48659E+13;M. S. COMERCIO DE ALIMENTOS LTDA;5
1683;2,75509E+12;MENALI & CRUZ LTDA;5
1685;4,42105E+13;PEDRAO AUTO LANCHES LTDA;5
1687;2,82821E+12;PADARIA VITORIA PAES E DOCES LTDA;5
1688;2,895E+12;TANAKAO PET SHOP PRODUTOS AGROPECUARIOS LTDA;5
1691;7,04369E+12;RODOLFO LUIZ FERREIRA;5
1693;4,91119E+12;XEROGRAFIA INFORMATICA LTDA;5
1696;3,24568E+13;JP AGRO & PET LIMITADA;5
1700;3,82864E+12;MARINANGELO & MARINANGELO LIMITADA;5
1702;3,27248E+12;FARMACIA TECNICA DE VALINHOS LTDA;5
1703;2,05162E+13;M & C CENTRO DE ESTETICA LTDA;5
1705;1,0636E+13;LOPES RIBEIRO PADARIA E CONFEITARIA LTDA;5
1707;5,67989E+12;PADARIA SKINA DO PAO LTDA;5
1710;6,09349E+12;PEREIRA, ROMANINI & CIA LTDA;5
1712;2,74736E+13;INFO HELP COMPUTADORES LTDA;5
1714;1,36874E+13;CAROLINA SOARES DA COSTA STENICO;5
1715;2,84768E+13;M G ACESSORIOS PARA CELULARES LTDA;5
1716;1,08368E+13;PETPORT COMERCIO E SERVICOS LTDA;5
1717;6,89783E+13;LUCIANA CARDOSO LISBOA;5
1719;5,29509E+13;SOMERA & CIA LIMITADA;5
1720;4,92839E+12;GLOBAL SOLUCOES EM TECNOLOGIA DA INFORMACAO LIMITADA;5
1721;1,82966E+13;L. BRANDAO COMERCIO DE BOLOS LTDA;5
1723;2,08793E+13;NILO CEZAR RAMOS ARRUDA 22379057893;5
1728;5,45534E+13;PANIFICADORA K-FILAO DE VALINHOS LTDA;5
1730;6,12203E+13;VALI-CLORO COMERCIO DE PRODUTOS DE LIMPEZA LTDA;5
1731;2,31048E+12;DRUCK CHEMIE BRASIL LTDA;5
1733;5,09823E+13;LOGUS MAGAZINE LTDA;5
1737;6,25047E+12;ENDRIO VEICULOS LTDA;5
1740;8,68496E+12;NTN MILK SHAKES LTDA;5
1742;8,24902E+12;JK SERVICOS TERCEIRIZADOS LTDA;5
1746;6,07355E+12;PADARIA PAO DA VIDA LIMITADA;5
1747;6,12916E+12;RMT RESTAURANTE LIMITADA;5
1758;1,73363E+13;EVANILDE JULIATTO DE OLIVEIRA;5
1760;1,0813E+13;RC ARTE - SERVICOS DE PRE-IMPRESSAO LTDA;NADA
1762;7,1527E+12;MAIOLI CORRETORA DE SEGUROS LIMITADA;5
1764;4,35101E+12;ELITE LASER LTDA;5
1765;8,65927E+12;QUAIS QUAIS BAR LIMITADA;5
1767;7,84318E+12;UNIVERSO SERVICOS DE PAISAGISMO, PORTARIA, ZELADORIA E LIMPEZA LIMITADA;5
1769;6,97403E+12;EDVALDO APARECIDO SANT'ANA - E;5
1771;8,65732E+12;SALES DE LIMA LTDA - E;5
1772;7,15835E+12;PADARIA ACQUARIOS LIMITADA - E;5
1776;8,74516E+12;CASA DE REPOUSO PAZINI LOURENCO LIMITADA - E;5
1779;1,75779E+12;JUVAL USINAGEM LIMITADA - E;5
1782;6,04833E+12;NOVA - NUCLEO DE ORTOPEDIA VALINHOS LIMITADA;5
1784;2,9258E+13;FRANCISCO RACANELLI JUNIOR 36975127816 - R;5
1785;3,62856E+12;LUIS ROBERTO VIOLIN - E;5
1789;7,44458E+12;CONTATO COMERCIO DE MATERIAIS RECICLAVEIS LIMITADA - E;5
1791;3,33789E+13;PSN FAST FOOD LTDA - E;5
1792;5,99623E+12;GNTE COMERCIO E SERVICOS INDUSTRIAIS LIMITADA - R;5
1795;1,23264E+13;VIA MAR MODA PRAIA LTDA - R;5
1796;2,50212E+13;FERNANDO MARQUES DE SOUZA ENGENHARIA LTDA;5
1797;4,1252E+13;MARIA FIFI COSMETICOS LTDA - R;5
1799;3,4471E+13;RLL COMERCIO DE ALIMENTOS NATURAIS LTDA - E;5
1801;6,07503E+13;C.D.F.F JULIATTO MERCEARIA LTDA;5
1803;9,38569E+12;PEDRO LUIZ FERREIRA PLANTAS;5
1804;3,55756E+13;MS FOODS LTDA - E;5
1809;1,07464E+13;LIMA CUSTODIO & DONEGA SANTIAGO LIMITADA - E;5
1810;3,81529E+13;JTSG COMERCIO DE ACESSORIOS PARA CELULAR LTDA;5
1811;9,44815E+12;PLIMA COMERCIO DE PNEUS LTDA;5
1812;3,50567E+13;IRINEU GUARIENTE JUNIOR - R;5
1813;9,50131E+12;BUBUSHOP INFORMATICA, ELETRONICOS E GAMES LTDA - E;5
1814;9,53716E+12;NCO INDUSTRIA E COMERCIO DE METALICOS LTDA;5
1815;7,57484E+12;ENECXEL COMERCIO DE MATERIAIS ELETRICOS LTDA;5
1816;2,90607E+13;FIA GEOLOGIA E PROSPECCAO MINERAL LTDA - R;5
1823;5,51241E+12;DALFA COMERCIO DE GESSO LTDA - R;5
1826;2,35986E+13;GODOI LIMPEZA E SERVICOS TERCEIRIZADOS LTDA;5
1830;3,31486E+13;DIVINA MARMITA LTDA;5
1831;3,34313E+13;UNIVALI DISTRIBUIDORA E COMERCIO LTDA;5
1832;3,26266E+12;VN7 COMUNICACAO E MARKETING LTDA;5
1833;7,57179E+12;ZAGO CALHAS LIMITADA;5
1834;1,06664E+13;PRADO & PANA COMERCIO DE ACESSORIOS PARA CELULARES LTDA;5
1838;2,35242E+13;TORRENTE & SILVA LTDA;5
1839;1,03696E+13;R. R. SIMOES UNIFORMES LIMITADA;5
1841;2,03965E+13;PROBIO LTDA;5
1844;1,2289E+13;ESTHER CASTRO PEDROSA;5
1845;1,07465E+13;LHF CONFECCOES LTDA;5
1847;2,8655E+13;K. R. DOS SANTOS GUARIENTE;5
1849;3,29228E+13;KANSAS BARBECUE LTDA;5
1852;1,0495E+13;TORREZIN INDUSTRIA E COMERCIO DE POLPAS DE FRUTAS CONGELADAS LIMITADA;5
1853;4,07971E+13;NOTRE PAIN PADARIA ARTESANAL LTDA;5
1855;2,33453E+12;GESTOCK LOGISTICA LTDA;NADA
1856;3,38991E+13;FREDERIK HENDRIK ANTONIUS GEUER - E;5
1857;1,06002E+13;T & N COMERCIO DE SORVETES E MILK SHAKES LIMITADA - R;5
1858;2,12077E+12;INSTRUCAMP INSTRUMENTOS DE MEDICAO LTDA;5
1865;2,27465E+12;CM - INFORMATICA LTDA - E;5
1866;3,62816E+13;CARDELLA AUTOMATION LTDA - E;5
1869;2,60743E+13;FRANCA JUNIOR COMERCIO DE AR CONDICIONADO LTDA - E;5
1870;3,15321E+13;TEMPERO DO CHEFE RESTAURANTE LTDA - E;5
1872;1,7765E+13;RL ILUMINACAO LTDA;5
1873;1,6686E+13;GASLIVE IMPORTACAO E EXPORTACAO DE PRODUTOS MEDICOS LTDA;NADA
1874;1,0733E+13;CONGELAX DISTRIBUIDORA E LOGISTICA LTDA - R;5
1875;2,15465E+13;MAXI-AIR LTDA - R;5
1876;1,30321E+13;TXR PRODUTOS QUIMICOS LIMITADA - E;5
1878;2,43266E+13;PAULO CEZAR RIBEIRO;5
1884;1,23942E+13;CLAUDEMIR RIBEIRO JARDINAGEM - E;5
1887;1,12644E+13;RAIMUNDO EDEMILSON DA SILVA - E;NADA
1888;1,86887E+13;LOTERICA CENTO E ONZE LTDA - E;5
1889;8,87955E+12;LFF PIZZARIA E RESTAURANTE LTDA - E;5
1890;1,66562E+13;RODRIGUES BARBOSA & BARBOSA LTDA - E;5
1892;1,1333E+13;GMARC SOLUCOES EM TELECOMUNICACOES LTDA - E;5
1894;2,51326E+13;FABIO ANDRE DIAS - R;5
1898;3,42694E+13;C. A. AGUSTINHO EMBALAGENS LTDA - E;5
1899;1,2997E+13;E. N. PAULOSSI - E;5
1900;1,7765E+13;RL ILUMINACAO LTDA;5
1901;3,06792E+13;SILVA & GUARIENTE LTDA - R;5
1904;2,95911E+13;DELLAVIA PROJETOS E MANUTENCAO INDUSTRIAL LTDA - R;5
1905;1,88575E+13;TF COMERCIO DE ALIMENTOS LTDA - E;5
1907;6,78676E+13;PASSARELLI & PASSARELLI LTDA - E;5
1909;3,07388E+13;PILEGE MOVEIS PLANEJADOS LTDA - R;5
1913;2,46302E+13;MARIANE ELIAS GIL;5
1918;3,21801E+13;CAMILA ALVES SIQUEIRA GASTALDI;NADA
1924;3,6663E+13;MIXRECORTE EPS LTDA;5
1938;4,31457E+13;GLAUCIANE DA SILVA SOUZA CAMOLEZE;5
1939;2,82769E+13;ODONTO CLEAN - CLINICA ODONTOLOGICA VALINHOS LTDA;5
1940;4,33076E+13;A.M.F. RESTAURANTE LTDA;5
1946;1,18194E+13;HORTIFRUTI KANESHI LTDA;NADA
1949;7,16792E+13;DAMIAO PEREIRA DA SILVA GEMEO;NADA
1951;8,25157E+12;DANIELA ANDREUCETTI SOUZA;5
1952;1,3447E+13;ELISEU GUIMARAES SOUZA;NADA
1953;5,94357E+12;ESCOLA DE EDUCACAO INFANTIL MARI COSER LTDA;NADA
1954;2,0026E+13;ROTA DAS VINHAS TRANSPORTES LTDA;5
1955;3,41482E+12;FERNANDO DE SOUZA FOTO E OTICA LTDA;NADA
1957;5,60087E+12;G.F. MATERIAIS FOTOGRAFICOS LTDA;NADA
1959;7,66253E+12;HELENA SILVA RIBEIRO ALVES;Empresa não encontrada
1960;4,88716E+12;GIOVANNI THOMAZI SALAS & CIA LTDA.;NADA
1962;1,18274E+13;GLEG COMERCIAL LTDA;Empresa não encontrada
1965;6,2742E+13;IRMAS OGANEKU LTDA;NADA
1967;7,98165E+12;EXCELLFARMA DROGARIA LIMITADA - E;5
1968;6,22383E+13;HIDRAULICA PALHARES LTDA;NADA
1969;7,10332E+12;LUNNE COMERCIAL LTDA;NADA
1970;7,10332E+12;LUNNE COMERCIAL LTDA;NADA
1971;3,23463E+12;LUZIA DOS SANTOS SILVA JUNDIAI;NADA
1975;1,37703E+12;MEGAARC INDUSTRIAL, SOLDAGEM E SEGURANCA LTDA;NADA
1976;9,35751E+12;MFER INDUSTRIA E COMERCIO PECAS EM GERAL LTDA;NADA
1979;1,31732E+13;RAIMUNDO REGINALDO NUNES DE OLIVEIRA;5
1980;1,99189E+13;RICARDO NOBORU KOYAMA;Empresa não encontrada
1981;8,79459E+12;ROJERI INDUSTRIA E COMERCIO DE COMPONENTES DE METAIS LTDA;5
1982;9,55033E+12;SAKAI & FREITAS TRANSPORTES RODOVIARIOS LTDA;NADA
1986;3,21162E+13;CONNECTION PARTICIPACOES LTDA;5
1987;1,15558E+13;E. B. OLIVEIRA & OLIVEIRA LIMITADA;5
1988;1,15651E+13;DIGITAL TOOLS GRAFICA EXPRESSA LIMITADA;5
1989;3,21993E+13;CENTER FLORA IRRIGACAO E PAISAGISMO LTDA;5
1993;3,2385E+13;NICOLI ALEXSANDRA JULIO 41308289839;5
1999;8,88485E+12;VRI NEGOCIOS E PARTICIPACOES LTDA;5
2001;2,83541E+13;L. C. BERNARDINETTI LTDA;5
2005;2,52422E+13;VIC VICENTINI COMERCIO DE ALIMENTOS LTDA;5
2006;3,01481E+13;DAMARIA TORTAS ARTESANAIS LTDA;5
2008;1,30035E+13;BULULU - COMERCIO E SERVICOS DE PAISAGISMO LTDA.;5
2009;2,41407E+13;VNS ALIMENTOS LTDA;5
2011;3,39793E+13;LIQUOS AMBIENTAL EQUIPAMENTOS E SISTEMAS PARA SANEAMENTO BASICO AMBIENTAL LTDA;5
2012;2,42908E+13;SONHO LAR COLCHOES LTDA - E;5
2013;3,28851E+13;MICHELLA FERNANDO DE ARAUJO;5
2017;2,45283E+13;EL LOCACAO DE AUTOMOVEIS VALINHOS LTDA;5
2019;1,0268E+13;LEBRE COMERCIO DE ALIMENTOS LTDA;5
2021;1,16867E+13;PERFI SOLO FUNDACOES LTDA;NADA
2023;2,18644E+13;F. T. FIGUEIREDO FISIOTERAPIA EIRELI;5
2026;2,7648E+13;RBL CLINICA MEDICA LTDA;5
2027;2,0221E+13;CLINICA MEDICA MARINA PARRILLA S/S;5
2028;2,28135E+13;PADARIA DA CIDADE LTDA;5
2029;1,17632E+13;INFOVALI INFORMATICA LTDA;5
2031;2,41238E+13;GUALIS LOGISTICA E SERVICOS AUXILIARES DE TRANSPORTES AEREOS LTDA;5
2033;1,17901E+13;JOSE FRANCINALDO DA COSTA;NADA
2035;3,73552E+13;MB LASER INFORMATICA LTDA;5
2036;5,79583E+13;LET' S SWIM, NATACAO,PRESENTES E LANCHES LTDA;5
2037;1,18119E+13;EDSON MAXIMOVITCH;5
2041;5,01537E+12;TRANSVIVA TRANSPORTES DE VALINHOS LTDA;5
2046;3,64079E+13;PRIME TRAFFOS GESTAO TECNICA E EMPRESARIAL LTDA;5
2048;6,91501E+13;COMERCIO DE FRUTAS CATELLI & KOTAKA LTDA;5
2051;3,50565E+13;INCERAMIC MAQUINAS E EQUIPAMENTOS CERAMICOS LTDA;5
2055;7,13515E+12;QUALY SERVICE INDUSTRIA E SERVICOS LTDA;5
2056;1,69798E+13;FABENE ALIMENTOS LTDA;5
2057;3,50321E+13;CG CENTRO DE TRATAMENTO ESTETICO LTDA;5
2059;1,68962E+13;SMART CLICHERIA LTDA;NADA
2060;2,80758E+13;LANZONI & PASSUCCI S/S LTDA;5
2064;1,56746E+13;FLA SERVICOS ADMINISTRATIVOS LIMITADA;5
2067;1,23523E+13;L B REFLETIVOS INDUSTRIA E COMERCIO LTDA;5
2068;1,88131E+13;GUSTAVO GABRIEL GUARIENTE PAIVA LTDA;5
2071;1,4764E+13;FH MONTAGEM E MANUTENCAO INDUSTRIAL LTDA;5
2072;2,3114E+13;GIANFAGNA & MARCHI LTDA - R;5
2074;3,35471E+13;PLASNAN INDUSTRIA E COMERCIO DE PRODUTOS PLASTICOS LTDA - E;5
2078;1,53819E+12;SANCHEZ & TEMPLE AUTOMACAO INDUSTRIAL LTDA - E;NADA
2081;3,06601E+12;S.T.E.CORRETORA DE SEGUROS LTDA.;5
2082;2,7391E+13;GWA WATER SISTEMAS E EQUIPAMENTOS PARA SANEAMENTO LTDA;5
2087;1,22259E+13;CLAUDINEI DONIZETE DOS ANJOS DA SILVEIRA;5
2089;3,00374E+12;CAMPTOSA PRESTACAO DE SERVICOS PARA ANIMAIS LTDA - E;5
2092;4,11045E+13;BTZ FAST FOOD LTDA;5
2094;3,81372E+13;CITTA COMERCIO E SOLUCOES LTDA - R;5
2100;1,2289E+13;ESTHER CASTRO PEDROSA -E;5
2105;8,40853E+12;VIDENCE FUNILARIA E PINTURA LTDA;5
2106;1,06059E+13;PESQUEIRO DA XUXA E DO BAIANO LTDA;5
2110;1,09801E+13;KEKIS & MACHADO LIMITADA - R;5
2112;2,98743E+13;TERRACOM TERRAPLENAGEM LTDA;5
2113;4,06931E+13;KONTENA COZINHA JAPONESA LTDA - E;5
2117;3,8807E+13;LUIZ ANTONIO AGIESSI VALINHOS - E;5
2123;5,64306E+12;RITA DE CASSIA ABREU SIGNORETTI - E;5
2124;1,09832E+13;DRAW TECNOLOGIA AUTOMACAO LTDA;5
2128;2,64463E+13;MECANICA CR LTDA - R;5
2136;1,56239E+13;CONCREMAX CONCRETEIRA EIRELI;5
2140;2,26597E+13;ORM COMERCIO DE ALIMENTOS EIRELI;5
2142;1,54806E+12;JACLOG LTDA;5
2143;4,20455E+13;FERREIRA E JESUS LAVANDERIA LTDA;5
2145;5,89118E+12;FERNANDES VIEIRA & VIEIRA LTDA - E;5
2147;1,82076E+12;PAULO SERGIO RIGUETI VALINHOS - E;5
2148;2,99112E+13;FX-JPA REPRESENTACOES LTDA - E;5
2149;8,39113E+11;E L ZORDAN REPRESENTACOES COMERCIAIS LTDA;5
2150;9,30863E+12;SAMPAIO & OLIVEIRA SOUSA LIMITADA - E;5
2151;5,25192E+12;SACOLAO VALADARES LTDA - E;5
2154;5,34332E+13;PERSOAP INDUSTRIA E COMERCIO DE COSMETICOS LTDA;5
2155;1,27067E+13;SILVEIRA & GUEDES DA SILVEIRA LIMITADA;5
2156;4,56472E+11;DIAS PEREIRA DROGARIA LTDA;5
2158;1,92101E+12;PANIFICADORA E CONFEITARIA VITORIA REGIA VALINHOS LTDA;5
2159;4,31852E+13;CASAGRANDE AUTOPECAS LTDA;5
2162;8,30856E+12;INSTITUTO BIOPHYTIS DO BRASIL SERVICOS, COMERCIO, IMPORTACAO E EXPORTACAO DE ALIMENTOS LTDA.;5
2164;1,06562E+13;PANIFICADORA E CONFEITARIA BONANGE LTDA - E;5
2169;1,31321E+13;LUCIANO RIBEIRO MENDES;5
2171;2,68875E+13;JAPAN CENTER DECOR CAMPINAS LTDA;5
2172;1,46033E+13;BUCHI BRASIL LTDA.;NADA
2175;2,69078E+13;L. C. BIJUTERIAS LTDA;5
2176;5,60129E+12;LET S FISIOTERAPIA LTDA;5
2177;2,20297E+13;ESCOLA DE EDUCACAO INFANTIL GIZ COLORE LTDA;5
2180;1,49816E+13;JARDIM DAS PEDRAS LTDA;5
2181;2,31048E+12;DRUCK CHEMIE BRASIL LTDA;NADA
2182;1,99378E+13;MARCELO EICHI KAWAGUCHI;5
2184;1,60807E+12;RAPIDO VINHEDO LTDA;5
2185;2,96679E+13;RESTAURANTE RANCHO ARIZONA LTDA;NADA
2186;3,73566E+13;INOVA COMERCIO E REPRESENTACAO LTDA;5
2188;2,83535E+13;DROGARIA FARMA TOP EIRELI;5
2189;3,06596E+13;GM FERRAMENTARIA E PLASTICOS - EIRELI;5
2190;2,84628E+13;JP CARNES LTDA;5
2196;7,55541E+12;PREVENTIVA BUSINESS CORRETORA DE SEGUROS LTDA.;5
2197;1,72177E+13;KRSG COMERCIO DE ACESSORIOS PARA CELULAR EIRELI;5
2198;1,88131E+13;GUSTAVO GABRIEL GUARIENTE PAIVA LTDA;5
2200;1,91086E+13;JANGLEI SILVA DE SANTANA EIRELI;5
2204;1,2289E+13;ESTHER CASTRO PEDROSA;5
2205;1,08974E+13;OURO VERDE IDIOMAS E COMERCIO DE LIVROS DIDATICOS LTDA;5
2208;1,14612E+13;VAL COMERCIO DE SALGADOS LIMITADA;5
2209;1,33869E+13;INNOVATE TECHNOLOGIES DO BRASIL MAQUINAS E FERRAMENTAS LTDA - E;5
2210;1,32965E+13;STYROTECH INDUSTRIA E COMERCIO DE EPS EIRELI;5
2216;5,67754E+12;TRANSPORTE E LOGISTICA SANTA ISABEL LTDA;5
2217;1,1219E+13;PHILOS GLOBAL SERVICES LTDA;5
2221;2,009E+13;VITA PET FABRICACAO DE PRODUTOS ALIMENTICIOS PARA ANIMAIS LTDA;5
2223;1,35358E+13;SSI EQUIPAMENTOS INDUSTRIAIS LIMITADA;5
2225;1,37419E+13;LANDO ELETRO - ACUSTICA SOCIEDADE LTDA - E;5
2226;2,09026E+13;ORTR METALURGICA EIRELI;5
2228;1,37713E+13;CLINICA MEDICA MANENTE LIMITADA;5
2229;4,17153E+13;J. SILVA DE SANTANA LTDA - R;5
2232;1,99015E+13;FLAVIANE DELA MARTA MORAES;5
2238;4,3291E+13;CAMPAL FRUTAS E LEGUMES LTDA;NADA
2239;4,3291E+13;CAMPAL FRUTAS E LEGUMES LTDA;5
2241;3,72576E+13;JF DESCARTAVEIS LIMITADA;5
2242;2,00649E+13;M. GUARIENTE;5
2246;3,76112E+13;STARGLASS ESQUADRIAS DE ALUMINIO LTDA;5
2247;5,56561E+13;TELEFONIA VALINHOS LTDA;5
2249;2,02694E+13;POLIS & AMPARO LTDA;5
2250;1,38467E+13;TS PHARMA SOLUCOES FARMACEUTICAS LTDA;5
2251;6,1075E+13;PADARIA E CONFEITARIA BIANCALANA LTDA;5
2253;7,3125E+12;LARISSA CAROLINA DOS SANTOS;5
2254;2,03307E+13;OLIVEIRA MOVEIS PLANEJADOS LTDA;5
2257;3,53734E+13;PAGANI DE CASTRO & BORIN LTDA;5
2258;2,40337E+13;J FERREIRA DISTRIBUIDORA LTDA;5
2259;2,02611E+13;MGT EMPREENDIMENTOS IMOBILIARIOS LTDA;5
2260;2,51902E+13;SS MOBILIDADE LTDA;5
2263;7,28191E+13;S. SABAS LOCADORA DE VEICULOS EIRELI;5
2264;1,38015E+13;SALES ALVES PIZZARIA EIRELI;5
2265;3,61126E+13;CESARINI LIMA RESTAURANTE LTDA;5
2269;1,38488E+13;HUDIEZE TECNOLOGIA DE CONTROLE LTDA;5
2270;1,06751E+12;CENTRO DE FORMACAO DE CONDUTORES AMERICA LTDA;5
2273;1,38638E+13;SILVA ZANARDI & ZANARDI LTDA;5
2276;2,04619E+13;V8 BARBER SHOP BARBEARIA LTDA;5
2277;3,62662E+13;ESTACAO PET CLINICA VETERINARIA LTDA;5
2279;3,80734E+13;NXD TECNOLOGIA E COMERCIO LTDA;5
2280;1,39591E+13;ZUMM ZUE BUFFET LIMITADA;5
2283;3,99431E+13;CLAUDIA ROBERTA VEIGA SOCIEDADE INDIVIDUAL DE ADVOCACIA;5
2285;2,89896E+13;ORIGEM VEGANA INDUSTRIA E COMERCIO DE ALIMENTOS LTDA;5
2288;2,9061E+13;KFSN ARTES MARCIAIS LTDA;5
2290;2,70732E+13;VALIGLASS ESQUADRIAS DE ALUMINIO LTDA;NADA
2294;2,91123E+13;TERCEIRIZA COSMETICOS LTDA;5
2296;3,66502E+13;ODONTOGIMA CLINICA ODONTOLOGICA LTDA;5
2297;1,22544E+13;VINICIUS DIOGO TIBURCIO;5
2298;3,66091E+13;STG PISOS INTERTRAVADOS LTDA;5
2306;1,31208E+13;MOONWEB SOLUCOES DIGITAIS LTDA;5
2315;5,3748E+13;MAXQUALY - COMERCIO E LOGISTICA DE COSMETICOS - EIRELI;5
2318;2,07328E+13;ESPACO VINHEDO COMERCIO DE ALIMENTOS LTDA;5
2324;2,94388E+13;BRASIL CAPAS COMERCIO E DISTRIBUICAO DE EQUIPAMENTOS PARA PISCINAS LTDA;5
2326;5,96865E+12;SARCOMPY COMERCIO E SERVICOS DE PRODUTOS DE ELETRONICOS LTDA;5
2327;2,1609E+13;DEBEC CARGO - TRANSPORTES RODOVIARIO DE CARGAS EM GERAL EIRELI;5
2331;3,9372E+13;ESCAVA SOLO FUNDACOES E TERRAPLENAGEM LTDA;5
2338;2,97537E+13;VICTOR LUIZ BERSAN;5
2343;2,0928E+13;PASSOS DE OLIVEIRA SOCIEDADE DE ADVOGADOS;5
2344;2,59835E+13;MARE ALTA STORE LTDA;5
2349;2,28464E+13;FABIANO SALVADOR CRUZ;5
2350;2,50525E+13;LASMENINAS ADESIVOS LTDA;5
2352;3,96017E+13;MARA BOLOS CONFEITARIA ARTESANAL LTDA;5
2355;1,3069E+13;FRANCISCO EDVAN DE ALENCAR;5
2356;7,57485E+12;FLAVIA F.PEREIRA HIDROGINASTICA;5
2357;1,40094E+13;PROJETTO 1 FITNESS LTDA;5
2364;3,976E+13;MS CAFETERIA VALINHOS LTDA;5
2365;3,3788E+13;SIMED COMERCIO DE PRODUTOS CIRURGICOS LTDA;5
2374;2,19254E+13;KOSTER & KOSTER CONSULTORIA EM RECURSOS HUMANOS LTDA;5
2376;2,25284E+13;PADARIA E CONFEITARIA PREDILETA LTDA;5
2378;2,2116E+13;I. GUARIENTE JUNIOR COMERCIO DE EQUIPAMENTOS DE TELEFONIA EIRELI;5
2379;3,44513E+13;LEAO & GENOVESE - CLINICA ODONTOLOGICA LTDA.;5
2386;1,32368E+13;LUKA INDUSTRIA E COMERCIO DE PLASTICOS LTDA;5
2387;3,12271E+13;DADI INDUSTRIA E COMERCIO EIRELI;5
2389;6,2619E+12;NORT SERVICOS ADMINISTRATIVOS LTDA;5
2390;2,00466E+13;GEFFERSON FERNANDO MARIANO;5
2391;1,08281E+13;NINA PRODUCOES E ARTES LTDA;5
2392;2,268E+13;PAGANINI SERVICOS DE ESTETICA LTDA;5
2393;2,24811E+13;JULIO CEZAR VAZ PEDROZO;5
2394;3,0325E+13;JEANINE DA SILVA ABRAO;5
2395;1,49152E+13;TRANSPORTADORA POLVORA & SILVEIRA LTDA;NADA
2398;2,65706E+13;CENTRO IMAGEM LOCACOES DE SALAS E ESPECIALIDADES MEDICAS LTDA;5
2399;3,03541E+13;GAL DESIGN E ACESSORIOS LTDA;5
2405;4,31745E+12;RESTAURANTE FERNANDES VALINHOS LTDA;5
2407;1,31389E+13;CALHAS SHALOM LTDA;5
2408;1,05129E+13;CASA DE RACAO DOG MANIA LIMITADA;5
2409;1,88168E+13;CENTROMAQ MOTORES COMERCIO DE MAQUINAS LTDA;5
2411;7,42771E+13;MOISES M. BEZERRA;5
2412;2,51594E+13;ESPETARIA BELLO BOI LTDA;5
2415;4,24273E+13;CPAPSTORE E-COMMERCE LTDA;5
2416;4,92058E+12;FIBERTEC PRODUTOS CERAMICOS LTDA;5
2417;3,5385E+12;FRANCISLEI R. JULIATTO ELETRONICOS;5
2418;5,23641E+13;GINASIUM ACADEMIA DE GINASTICA E ESTETICA LTDA;5
2421;3,16558E+13;KARINA ORTEGA SOARES;5
2422;6,9092E+13;KELLESLI & DORIGHELLO LTDA;5
2423;2,21556E+13;LJG MARCENARIA E MONTAGENS DE MOVEIS LTDA;5
2425;2,87274E+13;ESCOLA DE EDUCACAO INFANTIL LAPIS DE COR LTDA;5
2427;1,89057E+13;MARCO ANTONIO MENEGON;5
2430;2,98672E+13;M.G. VERDADEIRO AUGUSTO QUADRA ESPORTIVA;5
2433;3,44895E+12;OPTALED INDUSTRIA E COMERCIO DE EQUIPAMENTOS OPTICOS LIMITADA;5
2435;2,03482E+13;PUMPS BRASIL LTDA;5
2436;1,16322E+12;RAFTUR TRANSPORTE DE PASSAGEIROS LIMITADA;5
2437;3,89646E+12;SJ - HIDRAULICOS LTDA;5
2441;6,96487E+12;V J P TRANSPORTES DE CARGAS LIMITADA;5
2442;1,19527E+11;YEMBO & YEMBO LTDA;5
2443;1,56628E+12;INSTITUTO DE EDUCACAO INFANTIL LAPIS DE COR S/S LIMITADA;5
2444;1,03945E+12;MARCELO NATAL COMERCIO DE MAQUINAS;5
2446;2,55275E+13;FRANCO IMOVEIS LTDA - R;5
2451;3,24888E+13;CLINICA MEDICA TRAFEGAR EIRELI;5
2452;2,42649E+13;REGIPAPEL DISTRIBUIDORA DE EMBALAGENS LTDA.;5
2453;1,74399E+13;M E & MARCHIORI LTDA;5
2455;2,71498E+13;MARIA DE LOURDES LACERDA SOUZA;NADA
2459;3,35075E+13;PATRICIA ZAMPIERI ARQUITETURA ENGENHARIA INTERIORES E GESTAO LTDA;Empresa não encontrada
2463;2,31838E+13;TANIA APARECIDA GONCALVES MIORIM 13443244874;5
2476;4,79349E+13;FRATERNIDADE SAO JOAO DE JERUSALEM;5
2508;3,67311E+13;CMS AGROPECUARIA & PET SHOP LTDA;5
2512;4,14008E+13;MAIS CACAU LTDA;5
2515;5,19209E+12;NOVA ATACADO IMPORTACAO E EXPORTACAO LTDA;5
2516;1,14557E+13;TONNEY SERVICOS DE ALIMENTACAO EIRELI;5
2518;1,44576E+13;PALHARES DE ANDRADE SOCIEDADE DE ADVOGADOS;NADA
2519;1,55548E+13;VALI PORT SERVICOS DE PORTARIA, LIMPEZA E JARDINAGEM LTDA;5
2523;2,17688E+13;COLONIAL COMERCIO DE MASSAS E ASSADOS LTDA;5
2526;1,82538E+13;S. C. EMBALAGENS DE MADEIRA LTDA;5
2527;4,86564E+13;JOLA MATERIAIS PARA CONSTRUCAO LTDA;5
2529;5,89478E+13;DECORVID DECORACOES EM VIDROS LTDA;5
2530;1,31388E+13;TORNIZIELLO & VECHINI LTDA;5
2531;2,47437E+13;PREMIER GLASS ESQUADRIAS DE ALUMINIO LTDA;5
2532;1,9956E+13;PAZZOTO & BELO LIMITADA;5
2536;6,2211E+12;PRIVATE COSMETICOS, INDUSTRIA E COMERCIO LTDA;5
2537;1,51251E+13;POSSATO DE OLIVEIRA LTDA;5
2538;2,1695E+13;VALIENG ASSESSORIA EM GESTAO DE OBRAS EIRELI;5
2539;1,52382E+13;GALVAO & MAIA LIMITADA;5
2544;2,65136E+13;ROTULOS VK INDUSTRIA E COMERCIO LTDA;5
2545;3,75719E+13;CONCEITO BATERIAS LTDA;5
2546;1,19071E+13;GRAFICA DROVEN EIRELI;NADA
2548;5,64306E+12;RITA DE CASSIA ABREU SIGNORETTI;5
2552;3,66664E+12;ZF COMERCIAL E DISTRIBUIDORA DE TINTAS EM GERAL LTDA;5
2561;1,16388E+13;IMEDIATO VALVULAS E CONEXOES LTDA;5
2564;2,95933E+13;JMA PISCINAS E ESPORTE LTDA;5
2565;2,27688E+13;AL ACADEMIA E ESPORTE LTDA;5
2566;2,27919E+13;VL FISIOTERAPIA LTDA;5
2567;2,7892E+13;BEM-ESTAR ESPACO BELEZA LTDA;5
2574;4,4682E+13;JFLS RESTAURANTE LTDA;5
2576;96375302820;NELMA LOURENCO MAIA BARBOSA;5
2647;27754441802;EDUARDO VEDOVATTO;5
2673;27363199825;TACIANA CAMARGO PINHEIRO COSTA;5
2674;1,54805E+13;PATRICIA SILVA MARSOLLA;5
2678;7,43123E+13;FASSINI VASOS E ACESSORIOS PARA JARDINS;5
2685;10167957856;EDUARDO RODRIGUES FRANKLIN;NADA
2690;30685674835;SAMUEL HENRIQUE NICOLAU;5
2930;2,21758E+13;VICTOR DI NARDO SILVA;5
2953;2,32507E+13;LOCKPIPE DO BRASIL LTDA;5
2960;4,47765E+13;CMS ACOUGUE LTDA;5
2963;6,67993E+13;A PEREIRA MAQUINAS;5
2966;5,41346E+13;ACAO E NATACAO - ESCOLA DE ESPORTES LTDA;5
2967;5,46902E+13;ACAO E NATACAO - TORRES DE SAO JOSE LTDA;5
2968;5,09824E+13;ACOPREMO ARTEFATOS DE CONCRETO PRE MOLDADOS LTDA;5
2980;4,46434E+13;AUTO ELETRICA JUNDIAI LTDA;5
2981;2,22558E+13;B & R FOCUS COMERCIO DE APARELHOS ELETRONICOS LTDA;5
2986;1,98405E+13;BOLO CASEIRO FERNANDES & VIEIRA LTDA;5
3003;1,07224E+12;DE LIRA COMERCIO DE LUBRIFICANTES LTDA;5
3006;2,66848E+13;DERIMA SERVICOS DE LAVANDERIA LTDA;5
3035;2,44682E+12;H C DE JUNDIAI PRODUTOS ALIMENTICIOS EIRELI;5
3042;3,52488E+12;IRMAOS TAKETOMY LTDA;5
3055;3,05007E+13;LOTUS MONTAGENS INDUSTRIAIS LTDA;5
3060;1,17144E+13;M. VIE MOVEIS, ACESSORIOS E DECORACOES LTDA;5
3064;3,6946E+11;MARSH MELLOW BUFFET INFANTO JUVENIL LTDA;5
3066;7,01216E+12;MATSUMOTO & TAKETOMY COMERCIO DE HORTIFRUTI LTDA;5
3071;7,16239E+13;M.L PRODUTOS ALIMENTICIOS EIRELI;5
3078;7,38128E+11;OSESF - ORGANIZACAO SERVICO SOCIAL FAMILIAR DE JUNDIAI LTDA;5
3081;8,58536E+12;PRIMONATO CORRETORA DE SEGUROS LTDA;5
3086;5,47386E+13;PROVARE ALIMENTACAO LTDA;5
3089;2,76552E+13;RADIOLOGIA ODONTOLOGICA ITUPEVA LTDA;5
3092;5,44906E+13;RIGOLO & RIGOLO ALIMENTOS LTDA;5
3099;2,28513E+12;SBCOR CORRETORA DE SEGUROS LTDA;5
3100;2,28513E+12;SBCOR CORRETORA DE SEGUROS LTDA;5
3107;5,80561E+12;SPEED-X RADIOLOGIA ODONTOLOGICA LTDA;5
3108;5,34682E+12;SPRING PAINTINGS SERVICOS DE PINTURAS INDUSTRIAIS EIRELI;5
3114;1,51632E+13;VERONA MULTIMARCAS COMERCIO DE VEICULOS LTDA;5
3116;7,3196E+13;VIDRACARIA 18 DE MAIO JUNDIAI LTDA;5
3117;5,94477E+13;VIRLEI IOTTI;5
3128;5,09806E+13;ASSOCIACAO ATLETICA BANCO DO BRASIL;5
3132;2,94587E+13;TMZ MARKETING & PUBLICIDADE DIGITAL LTDA;Empresa não encontrada
3135;8,19623E+12;CASA DE CARNES PINHEIROS VALINHOS LTDA;5
3137;9,64729E+13;BENEDITA MARIA DE JESUS & CANDIDO DE VALINHOS LTDA - E;5
3171;2,92723E+13;M & M FAST FOOD LTDA - R;5
3173;4,48943E+13;JOCA CAFE SERVICOS ALIMENTICIOS LTDA - E;5
3184;3,18657E+13;PEREIRA DE ARAUJO COMERCIO E SERVICOS LTDA;5
3185;5,09325E+13;AO ESPORTE JUNDIAIENSE LTDA;5
3186;2,97584E+12;CARDIOIMAGEM - CENTRO DE DIAGNOSTICO E TERAPEUTICA CARDIOVASCULAR LTDA;5
3188;5,98403E+12;CATARINA C. SIQUEIRA;5
3189;3,21257E+12;CETIP - CENTRO DE TERAPIA INTENSIVA PEDIATRICA LTDA;5
3195;5,01051E+13;HESSI COMERCIO DE CARNES LTDA;5
3197;4,46571E+13;INSTITUTO DE PATOLOGIA CARDOSO DE ALMEIDA LTDA;5
3202;4,32865E+13;OTICA ROSARIO LTDA;5
3204;2,07934E+12;SIQUEIRA & CARBONARI LTDA;5
3214;2,55275E+13;FRANCO IMOVEIS LTDA;5
3233;3,7784E+13;PAULO CONTIERI MAROSTICA 28283471848;5
3239;4,48943E+13;JOCA CAFE SERVICOS ALIMENTICIOS LTDA - E;5
3243;4,17104E+13;VILA 677 RESTAURANTE LTDA - R;5
3254;3,21162E+13;CULINARIA KIDS DE VALINHOS LTDA - R;5
3255;4,95195E+13;M. A. S. DOS SANTOS SERVICOS ADMINISTRATIVOS LTDA;5
3262;6,09347E+12;CENTRO DE FORMACAO DE CONDUTORES BANDEIRANTES DE VALINHOS LTDA - E;5
3277;4,96186E+13;C.T.P FIRGUN LTDA - R;5
3284;4,97562E+13;CL ACADEMIA LTDA - R;5
3293;4,57274E+13;PIZZARIA SORELLA PIZZAS SEMI PRONTAS LTDA - E;5
3298;4,99606E+13;EME GROUP I LTDA - R;5
3299;5,35952E+12;AC-TEC TECNOLOGIA EM CONTROLE DE ACESSO E IDENTIFICACAO LTDA;5
3312;2,62501E+13;SILVANIA ANDRADE LEAO 16841201876 - R;5
3319;1,17168E+13;LUCIANO FERNANDO MARCHIORI - E;5
3330;5,01586E+13;R. R. GUARIENTE LTDA - R;5
3332;4,90903E+13;SALOMAOZINHO MARMITARIA LTDA - R;5
3345;76178099720;ERNESTO GARZON NOVOA;5
3346;3,98429E+12;CLICHERIA NOVA GRAV-ART LTDA - E;5
3369;4,57395E+13;CS ENGENHARIA ELETRICA LTDA;5
3373;1,214E+13;USINAGEM MONTE GERIZIM EIRELI;5
3375;4,57719E+13;JKANESHI DISTRIBUIDORA DE HORTIFRUTI LTDA;5
3385;4,58818E+13;LUA PRESTACAO DE SERVICOS LTDA;5
3389;4,59888E+13;SUELI PEREIRA DOS SANTOS 27914654809;5
3405;3,46714E+13;EURO MUNDO SERVICOS DE CIDADANIA LTDA;5
3409;2,14097E+13;CAMPIMED - SAUDE OCUPACIONAL LTDA;Empresa não encontrada
3410;3,99545E+13;ELISABETH RODRIGUES - SAUDE OCUPACIONAL LTDA;Empresa não encontrada
3411;4,73703E+12;VALTHERMO ENGENHARIA, SERVICOS E PRODUTOS LTDA;5
3414;1,10523E+13;A & D COMERCIO DE FERRAGENS LTDA;5
3415;1,71715E+13;ATT - ATTENTIVE CENTER CLINICA DE ULTRASSONOGRAFIA LTDA;5
3417;4,6375E+13;MEU LANCHINHO & CIA LTDA;5
3419;4,63838E+13;FACIO NEGOCIO IMOBILIARIO LTDA;5
3429;4,64303E+13;A. D. EMBALAGENS LTDA;5
3439;4,65728E+13;PRIMATELA TELAS E COMPONENTES LTDA;5
3444;4,66755E+13;LENDARIOS BAR AND BURGER LTDA;5
3450;7,80576E+12;VALTHERMO COMERCIO E MANUTENCAO INDUSTRIAL LTDA;5
3470;77774884815;ARMANDO PEDRO FILHO;5
3479;2,61566E+13;LUME NEFROLOGIA E DIALISE LTDA;5
3505;4,71948E+13;J. M. ESQUADRIAS E CALHAS LTDA;5
3514;10808448803;GINO DI DOMIZIO;5
3515;4,73194E+13;CKD SERVICOS TERCEIRIZADOS LTDA;5
3518;4,73677E+13;MAST FAST FOOD LTDA;5
3530;5,04563E+13;PONCIA COMERCIAL AGRICOLA E PECUARIA LTDA - R;NADA
3537;4,7613E+13;AILSON SILVA DE MENEZES 04964015645;5
3544;3,64417E+13;SMART GLASS VIDROS LTDA;NADA
3546;3,61455E+13;JEANYNE LOUISE GAUNA FERNANDES BUENO 33363785836;5
3573;2,59835E+13;MARE ALTA STORE LTDA;5
3581;4,81134E+13;MRB ALIMENTOS LTDA - E;5
3585;4,81493E+13;SEO VEIGA COMERCIAL LTDA;NADA
3591;4,76412E+13;PORTAL FARMACIA LTDA - R;5
3607;4,83985E+13;ITA FAST FOOD LTDA;5
3643;2,45906E+12;LUIZ CARLOS FERRANTI JUNIOR;5
3653;4,87386E+13;BAG IN INDUSTRIA E COMERCIO DE EMBALAGENS LTDA;5
3664;31400216826;JULIO AUGUSTO MONTEIRO;5
3688;2,09824E+13;A.M. LIFE SERVICOS MEDICOS LTDA;5
3693;1,71749E+13;JULIANA ZAMPAR RAMOS LUCENTE;5
3710;5,05343E+13;50.534.292 RONINEIA MAGALHAES SANTOS - R;5
3752;5,06284E+13;LF COMERCIO E SERVICOS DE TECNOLOGIA LTDA - R;5
3775;5,07055E+13;ADEGA DA ESQUINA L&L LTDA - E;5
3778;3,33582E+13;KAIO COUTO CAPELLATO 40093618832 - R;5
4095;5,09763E+13;STOMETAL LTDA - R;5
4152;5,10771E+13;LOCALAN DO BRASIL LTDA - R;5
4206;5,11513E+13;PIT STOP AUTOCENTER VALINHOS LTDA - E;5
4207;2,93038E+13;BURNOUT BURGER LTDA - E;NADA
4288;3,26468E+13;JONAB QUARESMA DOS SANTOS BARRETO;5
4356;4,87937E+13;INSTITUTO FRANCISCO DE ASSIS DE PROMOCAO HUMANA - R;5
4359;4,77006E+13;47.700.595 PAULO ROBERTO PRUDENCIO - R;5
4382;2,41074E+13;ORION COMERCIO DE RODAS E PECAS LTDA - E;5
4383;1,57393E+13;RAFAEL MENCARINI ORLANDO - PECAS LTDA - E;5
4435;5,16583E+13;CAFE E PROSA PANIFICADORA VALINHOS LTDA - E;5
4613;5,18952E+13;S. G. COMERCIO DE ACESSORIOS PARA CELULARES LTDA - R;5
4689;4,11904E+13;41.190.424 VICTORIA ALVES BASTOS BARRETO - R;5
4759;5,19804E+13;FS DESCARTAVEIS LTDA - E;5
4761;5,19901E+13;MAXX GAMER LTDA;5
4762;1,52358E+13;ALLSET AUTOMACAO INDUSTRIAL LTDA - R;5
4855;6,31538E+12;J DAVIES INDUSTRIA E COMERCIO DE MATERIAIS ELETRICOS LTDA - E;5
4856;6,84633E+13;ELEKTROTAPES DO BRASIL LTDA - R;5
4992;7,16915E+13;VECTORCONTROL INDUSTRIA E COMERCIO DE PRODUTOS AGROPECUARIOS LTDA - R;5
4995;3,45293E+13;LEANDRO EDUARDO BILACHI 22407452828 - R;5
4996;5,09474E+13;50.947.419 LUIS MIGUEL DE OLIVEIRA FILHO - R;5
5034;3,70683E+13;RESIDENCIAL SENIOR VALINHOS JM LTDA;5
5038;3,21765E+13;INTERTHERAPY NEUROHABILITACAO INTENSIVA LTDA;NADA
5039;2,44885E+13;M.R. FERRARI ESQUADRIAS DE ALUMINIO LTDA - E;5
5090;5,28595E+13;GSG COMERCIO DE EQUIPAMENTOS DE TELEFONIA LTDA - R;5
5091;5,1107E+13;IG CHOCOLATES FINOS LTDA - R;5
5129;5,28997E+13;CLINICA PREVITALE LTDA - R;5
5130;4,84562E+12;MASSAO TAKAKI COMERCIO DE ALIMENTOS LTDA - R;5
5149;5,29223E+13;DOLCINELLO CONFEITARIA LTDA - R;5
5223;1,83973E+13;PICERILLO BARBOSA CONSTRUCOES E TELECOM LTDA;NADA
5256;5,08571E+13;MARIANA XAVIER LTDA - R;5
5263;3,53413E+13;35.341.263 SAMUEL RIBEIRO ALVES - R;5
5276;5,34277E+13;TRILHA CAFE CIDADE DE SOCORRO LTDA - R;5
5279;2,92824E+13;CAUE CARLOS BARDUCHI VALENTE 40243274882 - R;5
5289;5,35903E+13;IDEALLE MARCENARIA LTDA - R;5
5313;4,58455E+13;RC PADARIA E CONFEITARIA LTDA - R;5
5321;2,44885E+13;M.R. FERRARI ESQUADRIAS DE ALUMINIO LTDA - E;5
5323;2,45063E+13;TIAGO LAVELI DE PAULA - R;5
5378;5,40189E+13;RCD ELETRICIDADE LTDA - R;5
