1;24982859000101;FACILITA SISTEMAS DE TECNOLOGIA LTDA
18;07685353000111;ASSOCIACAO CULTURAL DE AMIGOS DA CORPORACAO MUSICAL PROGRESSO LOUVEIRENSE
19;32992242000103;ASSOCIACAO VILAREJO DO BOSQUE
22;07591154000144;CALTEC CARTUCHOS E TONNERS LTDA
24;71605935000140;CELSO TOFOLLI VEICULOS
26;71753677000149;CONDOMINIO EDIFICIO PETUNIA
27;08293057000138;CRISTIANE FABIANO VEIGA - SITIO SAO JUDAS TADEU
28;08295004000156;CRISTIANE FABIANO VEIGA E RODRIGO FABIANO
34;21423874000121;EVERTREND SOFTWARE LTDA.
38;09157480000173;A. FERREIRA DE ALMEIDA
41;15016440000104;A. M. VICENTIN & VICENTIN LTDA
44;14855392000185;A.K.R. COMERCIO DE SORVETES E MILK SHAKES LTDA
47;20233145000140;A3 TRANSPORTES RODOVIARIOS LTDA
48;04980131000133;ABNER PAULOSSI
52;68002294000124;ABRE ALAS EMPREENDIMENTOS JORNALISTICOS LTDA
53;11901324000117;ACADEMIA ALIANCA DE ARTES MARCIAIS E MUSCULACAO LTDA
68;09091456000189;B.A.S. CONSTRUCAO CIVIL LTDA
80;31632774000169;C.A.E.E. ADMINISTRACAO DE BENS E PARTICIPACOES LTDA
91;50976695000110;AGRO FABRIL MAQUINAS INDUSTRIA E COMERCIO LTDA
98;09506104000147;DENTAL VALINHOS REPRESENTACOES LTDA
109;29886718000109;ALGR GERENCIAMENTO E ADMINISTRACAO LTDA
111;29957669000158;ALISUL ALIMENTOS DO SUL LTDA
116;03135585000145;BROCCHI SERVICOS ADMINISTRATIVOS LTDA
120;58181538000120;AMAL - EMPREENDIMENTOS E MINERADORA ALVORADA LTDA
121;10745407000100;FERNANDO MARCELO BARBIZAN
124;33834552000154;FINLAND PHARMA DO BRASIL EIRELI
125;00668328000180;FIRE FIGHTING BOMBEIROS INDUSTRIAIS EIRELI
131;13761210000144;FRANCISCO MOESIO MARTINS RIBEIRO
134;20396484000147;FREDERIK HENDRIK ANTONIUS GEUER LTDA
137;12822076000181;G30 PARTICIPACOES S.A.
139;27355290000142;GAIA DESENVOLVIMENTO E PARTICIPACOES LTDA
146;13459226000105;GHM EMPREENDIMENTOS IMOBILIARIOS LTDA.
151;35782307000176;GMZ LOGISTICA LTDA
152;32837093000108;GONCALVES & GONCALVES TRANSPORTES LTDA
158;08682444000166;HENRIQUE ALBERTO DA SILVA NETO
166;22158613000194;JABALI & COUTINHO S/S LTDA
168;35752735000156;JE EMPREENDIMENTOS S/S LTDA
171;66157991000129;JOLICOLOR COMERCIO DE ETIQUETAS ADESIVAS LTDA
172;14070085000199;JOLICOLOR SIGNS COMERCIAL EIRELI
175;08316849000180;JOSINEIA FABIANO E LUIZ ROBERTO FABIANO
179;28172397000118;JUVINI COMERCIO DE VEICULOS LTDA
181;39675873000130;KAGEBRAS COMERCIO, IMPORTACAO E REPRESENTACAO LTDA
191;04568171000172;LEANDRO LIMA PRADO
192;36609290000112;LIVEH PHARMA SUPLEMENTOS LTDA
194;20404567000130;LM SILVEIRA EMPREENDIMENTOS IMOBILIARIOS LTDA
196;45528403000146;LUCIANO BEZERRA DA SILVA
197;08478358000136;LUIZ ROBERTO FABIANO - SITIO EFESIOS
221;01419691000125;MARCONI COMERCIO E REPRESENTACOES LTDA
233;29039141000108;MAVA PARTICIPACOES LTDA
234;08448834000176;MEDICAL CENTER OFFICE ROOM S/S LTDA
239;13765487000145;MERCEARIA J CAMARGO LTDA
240;24430690000187;MG PARTICIPACOES E INVESTIMENTOS LTDA
241;43028230000171;MJB LEGUMES LTDA
242;03563979000102;MKM SERVICE COMERCIO DE EQUIPAMENTOS DE INFORMATICA EIRELI
252;11013495000100;NW - ENGENHARIA, ARQUITETURA E PARTICIPACOES LTDA
254;19503661000168;OPEN VISION SERVICOS ADMINISTRATIVOS EIRELI
257;50932946000164;ORACI GOTARDO & CIA LTDA
272;63990717000148;PELBER IMPORTACAO EXPORTACAO LTDA
274;06922263000134;PERF SOLO COMERCIO E SERVICOS DE AREIA E TERRA EIRELI
279;05503634000180;ARAUJO COMERCIO DE VALVULAS E CONEXOES EIRELI
280;13312262000133;QUIOSQUE BAR LTDA
281;18677966000123;R. A. MOREIRA ENGENHARIA S/S LIMITADA
288;08636736000162;A. GIGOLOTTI LIMITADA
292;12121686000158;REAL VEREDA TRANSPORTES LTDA
293;13881609000169;RF VALINHOS COMERCIO E SERVICOS AUTOMOTIVOS LTDA
295;05572047000143;ASSIS COMERCIO DE AREIA LIMITADA
297;33887518000148;RODRIGO FABIANO E OUTRA
298;16502233000122;ASSOCIACAO AMIGOS DA ORQUESTRA DE VIOLAS CULTURA CAIPIRA DE VALINHOS
299;08316859000116;RODRIGO FABIANO E OUTROS
300;37765020000163;RODRIGO FABIANO E OUTROS
301;20451767000144;ASSOCIACAO BUFALOS DE BASQUETE FEMININO DE VALINHOS - ABBF
305;51294189000103;ASSOCIACAO CAMPINEIRA DE IMPRENSA
306;03812453000100;RSA AUTOMOTIVA LIMITADA
307;13491494000104;ASSOCIACAO CIVIL DE MORADORES DO JARDIM IMPERIAL
310;04905866000100;ASSOCIACAO CIVIL DE MORADORES DO JARDIM SAO BENTO DO RECREIO
312;08173047000169;ASSOCIACAO CIVIL ECO VIDA AMBIENTAL
313;08185855000146;ASSOCIACAO COMPLETE VIDA
314;10580899000112;SETPOINT AUTOMACAO LTDA
316;28203797000143;ASSOCIACAO CULTURAL E ARTISTICA DE VALINHOS
319;08459809000198;ASSOCIACAO DE ARTESAOS E ARTISTAS PLASTICOS DE VALINHOS
322;51299121000117;ASSOCIACAO DE ESPORTES PALMEIRINHAS
324;15012182000198;STRUDEL DO PORTO EIRELI
325;35566621000111;ASSOCIACAO DE FOMENTO A AUTONOMIA
327;29435857000116;ASSOCIACAO DE GUIAS E MONITORES DE TURISMO
328;29378687000185;ASSOCIACAO DE MORADORES RECANTO DOS PASSAROS
329;10345242000170;ASSOCIACAO DE MOTOCICLISTAS MOTO CLUBE TIGRE DO VALE
331;11267969000140;ASSOCIACAO DE PAIS E MESTRES DA EMEB ANTONIO FAVRIN
333;11272205000142;ASSOCIACAO DE PAIS E MESTRES DA EMEB EMELY TOFOLO MACHADO
334;52350329000186;ASSOCIACAO DE PAIS E MESTRES DA EMEB TOMOHARU KIMBARA
335;11272189000198;ASSOCIACAO DE PAIS E MESTRES EMEB ANGELA TURCATTI
336;11272180000187;ASSOCIACAO DE PAIS E MESTRES EMEB DOM AGNELO ROSSI
337;21755722000126;ASSOCIACAO DE PRESERVACAO HISTORICA DE VALINHOS - APHV
339;07177032000106;ASSOCIACAO DESPORTIVA E CULTURAL VALINHENSE DE KUNG FU SHAOLIN DO NORTE
340;31935253000180;ASSOCIACAO DOS CORREDORES DE VALINHOS - ACOVAL
341;14432407000100;ASSOCIACAO DOS MORADORES DO PARQUE VALINHOS
342;17023163000192;ASSOCIACAO DOS PROPRIETARIOS DO LOTEAMENTO CEDROS DO LIBANO
345;36364535000199;ASSOCIACAO DOS PROPRIETARIOS E MORADORES DO RESID. WALDIR BERNARDINETTI, RESID. CHIRLEY C BERNARDINETTI E RESID. HELENA DI SANTI BERNARDINETTI
347;01382850000164;ASSOCIACAO DOS PROPRIETARIOS EM VILLA MONTEVERDE
348;20120625000102;ASSOCIACAO DOS SERVIDORES PUBLICOS DO MUNICIPIO DE VALINHOS
350;26569144000157;ASSOCIACAO EDUCACIONAL, CULTURAL E DESPORTIVO JOVEM FLORESTA DE KUNG FU
352;15468634000140;ASSOCIACAO ESPIRITA - GRUPO LUZ E ESPERANCA
353;34163459000128;VENDESK PLATAFORMA DIGITAL DE VENDAS LTDA
355;29011914000130;ASSOCIACAO ESPORTIVA DO JARDIM PINHEIROS
356;14017825000123;VIJU COMERCIO DE SEMIJOIAS LTDA
359;08382027000106;ASSOCIACAO HABITACIONAL PRO-MORADIA DE VALINHOS,VINHEDO E LOUVEIRA
360;31774138000171;WR SECURITIZADORA S.A.
361;08275185000159;ASSOCIACAO IGREJA EVANGELICA PENTECOSTAL 'NASCIDO DE DEUS'
363;21215158000159;ZANARDI PARTICIPACOES LTDA
364;06789232000157;ASSOCIACAO PROTETORA DOS ANIMAIS DE VALINHOS
365;22005172000190;ASSUMA - ASSOCIACAO PARA SUSTENTABILIDADE E MEIO AMBIENTE
366;11265786000195;ATP ARTEFATOS TEXTEIS E PLASTICOS LTDA
368;14309125000102;AURIS CAPITAL CONSULTORIA EM GESTAO EMPRESARIAL LTDA
369;13741496000104;AUXXILIO TRANSPORTES LTDA
374;21436641000163;BASTOS & CROCCE SERVICOS ADMINISTRATIVOS LTDA
376;30757550000110;BEM VIVER, ASSOCIACAO DE PSORIASE DE CAMPINAS E RMC
378;26826157000164;BOB LOCADORA DE VEICULOS LTDA
384;20005594000130;BRAGA FAGNANI SERVICOS ADMINISTRATIVOS EIRELI
386;01036242000106;BRASGRAPHICS SERVICOS ADMINISTRATIVOS LTDA
387;10692493000121;BRASIL NATURAL COMERCIO DE PRODUTOS NATURAIS LTDA
398;17944072000190;CAGIVA SOLUCOES INDUSTRIAIS LTDA
405;13510720000149;CAMPTAEGU COMERCIO DE FERRAMENTAS INDUSTRIAIS EIRELI
406;01440547000170;CAMPTER-SERVICOS DE LIMPEZA E MOVIMENTACAO DE TERRA LTDA
410;06213892000195;CARLOS ALVES DA SILVA LANCHONETE
416;08067186000108;CARLOS MARZULLO E OUTROS
417;07230090000156;CAROLINA GAVIOLI REPRESENTACOES COMERCIAIS DE MEDICAMENTOS LTDA
421;07630365000149;CAST COMERCIO DE BRINDES LTDA
426;17357197000113;CENTRO DE EMAGRECIMENTO KS LTDA
431;96225982000199;CHAN PUI TIM
433;05777031000177;CHRISALLE SERVICOS DE AVALIACAO DE IMOVEIS URBANOS LTDA
437;10781209000193;CITE ENGENHARIA E PROJETOS LTDA
448;13523641000172;CLAUDIO PEDRO DE LIMA TRANSPORTES
465;27403123000120;COMERCIAL UNIPESCA EIRELI
471;42717737000170;COMUNIDADE FILANTROPICA FOCO FRATERNO
476;01896036000168;CONCREX CONCRETO LIMITADA
478;01896036000249;CONCREX CONCRETO LIMITADA
479;08186121000181;CONCREX FOMENTO MERCANTIL LIMITADA
482;44947935000155;CONCREX INDUSTRIA E COMERCIO DE ARTEFATOS DE CIMENTO LTDA
491;08294999000130;CRISTIANE FABIANO VEIGA E OUTROS
494;11430831000110;CRISTIANE GALINA OLIVAL
500;36663080000102;CV2 PARTICIPACOES LTDA
507;10457600000137;DANIELA BORGES MARGADONA
508;10457600000218;DANIELA BORGES MARGADONA
529;09588404000112;DIOTTO TRANSPORTE RODOVIARIO DE CARGAS LIMITADA
530;53242814000107;DOM NERY AUTOMOVEIS LTDA
533;50918036000127;DROGARIA CASTELO VALINHOS LTDA
534;02310481000400;DRUCK CHEMIE BRASIL LTDA
536;04281784000124;DULUCA COMERCIO DE MADEIRAS LTDA
538;02718395000198;E P SERVICOS ADMINISTRATIVOS LTDA
541;09003834000125;E. O. S. DECORACOES EIRELI
542;01169018000184;E. R. RIBEIRO CONSTRUCOES LTDA
544;10734997000167;ECCOL TECNOLOGIA AMBIENTAL LTDA
545;10734997000248;ECCOL TECNOLOGIA AMBIENTAL LTDA
565;18653129000164;ELETRONICA SANTA RITA EIRELI
579;05280311000175;ENGDATA TECNOLOGIA E AUTOMACAO LTDA
580;00887952000179;ENGEVAL COMERCIO E SERVICOS LTDA
583;11463410000195;ERIKA BERTELLI MARINELLO MATTIAZZO
584;68314756000149;ESCOLA DE INGLES FULL TIME ENGLISH SC LTDA
594;08817056000226;EXPRESSO MONTESINO - TRANSPORTE RODOVIARIO DE CARGAS EIRELI
595;08817056000145;EXPRESSO MONTESINO - TRANSPORTE RODOVIARIO DE CARGAS EIRELI
597;10811466000120;F. D. BRANDINO COMERCIO DE ANTENAS EIRELI
598;28812834000110;F. FERREIRA SERVICOS ADMINISTRATIVOS LTDA
612;13238113000171;FEVARI COMERCIO VAREJISTA DO VESTUARIO LTDA
621;08316865000173;FRANCISCO AUGUSTO FABIANO - POUSO DAS BANDEIRAS
622;08368416000179;FRANCISCO AUGUSTO FABIANO E JOSINEIA FABIANO
623;31797385000193;FRANCISCO AUGUSTO FABIANO E OUTROS
624;08352269000149;FRANCISCO AUGUSTO FABIANO E RODRIGO FABIANO
627;22511859000106;FRANCISCO SANTOS DA CONCEICAO FILHO 37183801888
631;08389465000198;FRUTARIA SERRA AZUL LTDA
635;68892108000170;G.S. VEICULOS LTDA
639;28047153000103;GABRIELA ASSULFI MOTTA SCACIO
643;28946555000140;GAPIERRE PARTICIPACOES LTDA
645;29521110000180;GEMINI PARTICIPACOES LTDA
665;03653451000116;GRILL FEST BUFFET LIMITADA
666;04238645000118;GRUPO ESCOTEIRO VALINHOS N. 252
667;22569333000179;GS ANHOLON REPRESENTACOES LTDA
672;21318026000152;HALITA ODONTOLOGIA LTDA
675;10921281000179;HITEC DESENVOLVIMENTO DE PROGRAMAS LTDA
678;26153036000107;ICE FRUTA LTDA
683;37751009000144;IMPACTUS SOLUCOES DE ALTA PERFORMANCE LTDA
684;27179905000127;INCENTIVA MAIS CIDADAO
685;14309014000104;INGRID ELEN CERQUEIRA DE MENEZES
686;21780786000187;INSTITUTO GRAVA GRUPO DE APOIO A VIDA E AO AMBIENTE
687;45985132000158;IRMAOS ANGELI LTDA
688;26085863000100;ZZYZX - PARTICIPACOES, SERVICOS E EMPREENDIMENTOS LTDA.
690;11154254000180;ZOE TECNOLOGIA E DESENVOLVIMENTO DE CAPACETES LTDA
692;08831014000169;ZAFIRA SUPORTE E APOIO ADMINISTRATIVO LTDA
693;17315718000170;ITALICO EMPREENDIMENTOS IMOBILIARIOS SPE LTDA.
699;06978123000188;WP SERVICOS ADMINISTRATIVOS VALINHOS EIRELI
701;40614963000108;WISE SALES LTDA
703;41283783000145;J. C. VIZELLI ADMINISTRACAO DE BENS S/S LIMITADA
715;04359398000108;J.D. SERVICOS LTDA
729;04592161000172;W. CASANOVA JUNIOR
730;32372892000148;W. A. FERREIRA PUBLICIDADE
732;22417649000145;JESUS LOPES CONSTRUCOES LTDA
733;03655858000182;JL BELLA CASA COMERCIO DE MOVEIS LTDA
741;11736878000106;VSN DO BRASIL INFORMATICA LTDA.
750;26029492000131;VINHEDO TINTAS LTDA
751;20409708000108;JONAS VEICULOS LTDA
756;31725412000112;VILAREJO CONCORDIA ADMINISTRACAO DE BENS PROPRIOS LTDA
763;36182860000130;VANIA TAROT GERENCIAMENTO E ADMINISTRACAO DE BENS IMOVEIS S/S LIMITADA
780;42566175000100;VA EMPREENDIMENTOS IMOBILIARIOS SPE LTDA
781;27562302000100;V 8 II BARBEARIA LTDA
789;07780266000143;TTS REPRESENTACAO COMERCIAL LTDA
795;44836963000103;TRANSPLAC TRANSPORTES RODOVIARIOS LTDA
797;08478212000190;JOSINEIA FABIANO - NOSSA SENHORA APARECIDA
799;25242137000345;TONUTRI BRASIL LTDA
801;09419407000122;TONIATTI SERVICOS ADMINISTRATIVOS EIRELI
802;08293065000184;JOSINEIA FABIANO E OUTROS
803;17342559000100;JR & BORIN LTDA
804;11411517000190;TOCOSAN SERVICOS ADMINISTRATIVOS EIRELI
806;07972825000117;JRV EMPREENDIMENTOS IMOBILIARIOS E PARTICIPACOES LIMITADA
810;01816970000122;THIPOS SOLUCOES EM DOCUMENTACOES EIRELI
819;96226147000173;TERRAPLENAGEM RENATO LUGLI LTDA
821;10388787000164;TERINI REPRESENTACOES LTDA
824;15455886000135;K B S DE ALMEIDA TRANSPORTES
825;09489767000109;K.R.A. COMERCIO DE SORVETES E MILK SHAKES LTDA
828;03703327000118;TAVARES E SILVA CAMPINAS LTDA
841;05141931000123;KASTEL COMERCIO E SERVICOS EM TECNOLOGIA LIMITADA
854;21593292000193;SKYBRIDGE PARTICIPACOES LTDA
874;11222704000125;L.A SCUTUCCI SERVICOS DE SOM AMBIENTE LIMITADA
875;08172712000108;MILLA SERVICOS LTDA
880;33318291000110;SILK SKIN COSMETICOS LTDA
883;11168365000146;LANCE MMA APOIO ADMINISTRATIVO EIRELI
885;03467265000192;LANCHONETE E RESTAURANTE QUASE ESQUINA VALINHOS LTDA
894;07794425000240;SETPOINT INDUSTRIA E COMERCIO LTDA
904;54668454000164;SERESC EDITORA LTDA
905;20902844000135;LEIMAR JOSE DE LIMA
910;04547241000106;SEIS +1CIA. DE DANCA
920;24419464000103;SALES PARTICIPACOES LIMITADA
921;23113180000113;S.G. SERVICOS ADMINISTRATIVOS LTDA
922;03573320000129;S. POINT CONSULTORIA LTDA
924;28336562000120;S. M. BERTO DA SILVA
926;02533996000126;S. C. A. ARTIGOS DE PAPELARIA LTDA
928;23414217000143;LIMA PARTICIPACOES EIRELI
932;06346636000176;RS3 CONSTRUCOES LTDA.
933;07483461000101;RPS CLEAN COMERCIO E SERVICOS DE PRODUTOS EPOXI EIRELI
934;18371346000242;ROSEMIRO DO NASCIMENTO DE SOUZA
937;46237475000105;LOJA MACONICA INCONFIDENCIA TERCEIRO MILENIO
938;18371346000161;ROSEMIRO DO NASCIMENTO DE SOUZA
954;30561572000100;RODRIGO FABIANO E OU JOSINEIA FABIANO
959;02816290000171;ROBINSON DONIZETI CASTELLANI
965;16638134000172;RICIERI RODRIGO PIRES
973;04928374000122;RESIMED CONSULTA MEDICA LTDA
983;00709385000160;LT&M PROPAGANDA E PROMOCAO S/C LTDA
985;26065020000134;REAL FOMENTO EIRELI
989;01608071000215;RAPIDO VINHEDO LTDA
1000;09501323000133;RAMENEL NASCIMENTO PEDROSO
1004;04077325000123;QUEMEL & CARDOSO LTDA
1008;26109096000114;PROJETA FOMENTO MERCANTIL LTDA
1018;07674290000106;PETRUS DISTRIBUIDORA DE TABACOS LTDA
1019;56309230000191;PEREIRA REPRESENTACOES COMERCIAIS LTDA.
1025;23726582000193;PAULO HENRIQUE GRECIA MAIA
1041;04351916000147;PANIFICADORA FORNO DE OURO LTDA
1048;12596018000187;PABIO ANTONIO CORREIA
1051;10825010000110;OUSADIA MODAS E ACESSORIOS LTDA
1072;21522372000158;NADIR ORTIZ DE GODOY MILANEZI
1075;09094177000179;MVL SUPERMERCADO LTDA
1076;21241759000136;MV2 PARTICIPACOES LTDA
1083;72927114000192;M K M COMERCIAL IMPORTADORA E EXPORTADORA LTDA
1088;06346379000172;M.A.SEIXAS
1091;17213403000111;MI CASE SU CASE ARTIGOS PROMOCIONAIS LTDA
1092;00605927000155;MGB PUBLICIDADE LTDA
1094;14334141000155;M. MARQUES SERVICOS ADMINISTRATIVOS LTDA
1096;18496811000190;MELIAS PARTICIPACOES LTDA
1102;06984823000266;MD SERVICOS E LOGISTICA EIRELI
1103;42511518000130;MCA SOLUTIONS LTDA
1116;12116884000123;MARQUES ALVES CONSTRUCAO CIVIL LTDA
1122;04818402000159;MARIO RODRIGO DE MELO TERRA
1133;12017812000129;MARCIO R. LOBO MANUTENCAO EM BALANCAS
1153;00144317000100;MARIA GIRLENE FIRMINO LIMA
1155;12482958000145;MARIA DESATADORA DOS NOS COSMETICOS LTDA
1161;96173422000138;MARIA CLARA LADEIRA SCRICO
1166;18089442000111;VZ TECH ASSESSORIA EMPRESARIAL LTDA
1167;07613479000180;INOVA INDUSTRIA E COMERCIO DE EMBALAGENS LTDA
1178;04216047000148;A. E. SOSA SERVICOS ADMINISTRATIVOS LTDA
1185;10455453000166;A.R.S. COMERCIO DE SORVETES E MILK SHAKES LTDA
1186;10687547000160;A.R.S.K. COMERCIO DE SORVETES E MILK SHAKES LTDA
1189;14680600000152;ABRM CONSULTORIA EMPRESARIAL LTDA
1190;11890304000198;ABUD & PORTELLA TURISMO LTDA
1194;19002553000101;ACCELERARE DESENVOLVIMENTO E LICENCIAMENTO DE PROGRAMAS LTDA
1196;29400088000110;ACOCRED FOMENTO MERCANTIL LTDA
1197;05359515000104;AC-TEC TECNOLOGIA EM CONTROLE DE ACESSO E IDENTIFICACAO LTDA
1207;02901753000101;AGILISE COSMETICOS INDUSTRIA E COMERCIO EIRELI
1210;35919675000113;AGT ASSESSORIA GERENCIAL E TECNICA LTDA
1213;02632056000194;AIRTON VILARONGA PINHO VALINHOS
1226;58181538000200;AMAL - EMPREENDIMENTOS E MINERADORA ALVORADA LTDA
1227;07295427000103;AMARAL COMERCIO DE AR CONDICIONADO LTDA
1228;05634377000116;ASSISTEC ARTIGOS PARA PISCINAS E MANUTENCAO LIMITADA
1229;07127551000160;AUTO VIACAO INDAIA LTDA
1230;04609865000100;CAMAYA INVESTIMENTOS LTDA
1236;02824098000208;ALOCAMA LOCACAO DE MOVEIS LTDA
1237;02824098000399;ALOCAMA LOCACAO DE MOVEIS LTDA
1241;09371245000108;ALUTON USINAGEM DE PRECISAO LTDA
1244;14699678000119;AMLABS LTDA
1245;09179829000178;AMP BRASIL INDUSTRIA E COMERCIO DE PECAS LTDA
1249;14991144000161;TCG DESIGN CENTER LTDA
1250;05906489000189;RODRIGUES & SANTOS COMERCIO DE FRIOS, LATICINIOS E REPRESENTACOES LTDA
1251;22501532000145;J. M. DA SILVA REPRESENTACAO LTDA
1256;27307316000187;ANDRE HENRIQUE BONIN 42967495875
1265;26096213000152;ANTONIO GOMES DROGARIAS EIRELI
1266;26096213000233;ANTONIO GOMES DROGARIAS EIRELI
1272;10465450000103;ARAMIS ANTONIO CABRAL DOMONT
1287;10510269000171;ASSIS GOMES & TEIXEIRA LTDA
1289;44636637000144;ASSOCIACAO COMERCIAL E INDUSTRIAL DE VALINHOS
1290;05332435000157;ASSOCIACAO CULTURAL EDUCACIONAL SOCIAL E ASSISTENCIAL CAPUAVA
1291;07735015000147;ASSOCIACAO DAS ENTIDADES DE ASSISTENCIA E SERVICOS DE UTILIDADE COMUNITARIA DE VALINHOS INTEGRANTES DA FESTA DO FIGO E EXPO GOIABA
1292;20701309000116;ASSOCIACAO DE MORADORES DO BAIRRO JARDIM NOVA ESPIRITO SANTO
1293;11272198000189;ASSOCIACAO DE PAIS E MESTRES DA EMEB DOUTORA YRMA DE ANDRADE FIORI
1294;11272149000146;ASSOCIACAO DE PAIS E MESTRES DA EMEB PROFESSORA LELIA FRANCO BUENO LEME
1295;11272157000192;ASSOCIACAO DE PAIS E MESTRES DA EMEB VEREADOR EBER CARLOS SEVERINO FORATTO
1296;11250887000192;ASSOCIACAO DE PAIS E MESTRES EMEB DOM MARTINHO ROTH
1297;58390501000101;ASSOCIACAO DOS JUIZES CLASSISTAS APOSENTADOS E PENSIONISTAS DA JUSTICA DO TRABALHO DA 15 REGIAO
1298;09211260000180;ASSOCIACAO DOS VITIVINICULTORES DE VALINHOS
1300;17171468000141;ATT - ATTENTIVE CENTER CLINICA DE ULTRASSONOGRAFIA LTDA
1301;05577761000124;AUREA DE OLIVEIRA VITELLI MATERIAIS
1306;04920729000137;AUTO POSTO DAMIZADE LIMITADA
1307;03601343000108;AUTO POSTO MORADA DO SOL LTDA
1308;03844562000100;AVAL - TEC ENGENHARIA E SEGURANCA DO TRABALHO LTDA
1310;08252139000134;AVP/Q6 - EMPREENDIMENTOS E PARTICIPACOES LTDA
1314;59435180000187;BAR CAPUAVA LIMITADA
1321;09174440000130;BP SERVICOS ADMINISTRATIVOS LTDA
1332;32027122000168;BEN STAR COMERCIO DE COSMETICOS LTDA
1333;32027122000249;BEN STAR COMERCIO DE COSMETICOS LTDA
1334;08090632000103;BENGTSON TECNOLOGIA DA INFORMACAO LTDA
1340;32263991000191;BIACINO CONSULTORIA E ATIVIDADES IMOBILIARIAS EIRELI
1341;28804415000137;BIANCHI ADMINISTRACAO DE BENS LTDA
1346;23269851000130;BIO GE CONSULTORIA EM MEIO AMBIENTE LTDA
1353;09575279000106;BOMVAC COMERCIO E SERVICOS LTDA
1356;24316007000185;BOTTER & CARMO LTDA
1362;19626417000192;BRET MANUTENCAO INDUSTRIAL LIMITADA
1364;02817329000175;BRITO & STEFANE COMERCIO DE PESCADOS LTDA
1384;57843476000101;COMBASE USINAGEM DE PRECISAO LTDA
1385;51922235000171;ASSOCIACAO DE JUDO TRAJANO CENTER ARTES MARCIAIS
1391;14680701000123;EVANGELISTA ROCHA & ROCHA LTDA
1392;11420133000133;FABIO MARTIN DEL CAMPO FURLAN
1393;28536656000142;FELIPE BITTAR SALMAZO
1405;04635838000102;SANOPLAST INDUSTRIA E COMERCIO DE PLASTICOS LTDA
1410;08396513000175;VIDEIRA FERREIRA & FERREIRA LIMITADA
1412;20787096000197;ZOGFER COMERCIO DE FERRAGENS E SERVICOS EIRELI
1419;60491511000185;BRONZE REPRESENTACOES EIRELI
1433;17900318000121;DELFINO & DIOTAIUTI COMERCIO LTDA
1439;43685405000113;JT PARTICIPACOES E CONSULTORIA LTDA
1448;36686066000124;RAPIDO VINHEDOS TRANSPORTES LTDA
1450;16706735000175;DAVITA SERVICOS DE NEFROLOGIA VALINHOS LTDA
1452;37264663000123;ISTOQUE DISTRIBUIDORA E LOGISTICA LTDA
1456;18906224000122;CLIBRAS AR CONDICIONADO EIRELI
1458;43740797000176;SYNERGIA GESTAO PATRIMONIAL LTDA
1463;11131871000160;PAF SERVICOS ADMINISTRATIVOS LTDA
1481;61752374000158;ALDEBARA EDITORA E PUBLICACOES LTDA
1482;12123234000105;ARTE BRANCA INDUSTRIA E COMERCIO DE ESQUADRIAS DE ALUMINIO LIMTADA
1483;07401708000101;ELL SHADAY SERVICOS DE PORTARIA, ZELADORIA E LIMPEZA LTDA
1484;07635859000116;EVERALDO ISIDORO DA SILVA JUNIOR
1485;93379121000177;EVO COMERCIO E REPRESENTACAO LTDA
1486;60763356000109;CARLOS M A LINO & CIA LTDA
1487;44636892000197;CLAIDE INDUSTRIA E COMERCIO DE ARTEFATOS DE METAIS LTDA
1488;20055878000131;D CAMARGO COMERCIO E SERVICOS LTDA
1489;05114182000145;D.H.B.ROSIQUE DE FREITAS CALCADOS
1493;71733703000177;DENTAK INDUSTRIA E COMERCIO DE DENTES LTDA
1494;80496151000111;DISPRAL DISTR DE PRODUTOS ALIMENTICIOS LTDA
1495;53500476000158;ESCOLA PEQUENO MIOSOTIS
1496;14680702000178;EVANGELISTA & ROCHA LIMITADA
1498;11209337000120;EVANGELISTA LANCHES LTDA
1500;43857223000182;ACTION SUPLEMENTOS LTDA
1517;50921675000141;RTT - ADMINISTRADORA DE BENS, TRANSPORTES, GESTAO E SERVICOS LTDA
1518;44637528000141;S L SILVA E RAMOS LTDA
1519;03140818000106;G D F COMERCIO DE FERRAMENTAS LTDA
1520;62451950000190;J A T V REPRODUCOES GRAFICAS LTDA
1521;02925181000192;JONATAS DE MELLO MAGDALENA
1522;01921183000140;JOSE XAVIER CARDOSO MATERIAIS
1523;09361456000151;KLEITON GILCEMAR ROSA
1525;06947668000127;JOSE WAICON CHIN GIN
1529;16384461000145;CONSELHO PARTICULAR SAO LUIZ GONZAGA DA SOCIEDADE DE SAO VICENTE DE PAULO DE VALINHOS
1535;43471212000160;MALAVAZI & PIAIA EMPREENDIMENTO IMOBILIARIO SPE LTDA
1540;26316325000171;QUALITECH CONSTRUTORA LTDA
1543;00221616000192;COLOMAQ COMERCIO E LOCACAO DE MAQUINAS LTDA
1545;09303818000158;DATA CENTER SERVICES LTDA
1546;52755899000156;FERNANDO DE CAMARGO FAGUNDES
1547;67372599000165;HELIA DELLA LIBERA
1548;11149460000100;HELIO BAGNOLESI
1549;00596480000103;HENNESSEY COMERCIO DE MADEIRAS LTDA
1550;60796042000102;HIROKI & SAEKI CIA LTDA
1551;48201156000167;IBEC INDUSTRIA BASICA DE EQUIPAMENTOS P CERAMICA LTDA
1552;02592557000194;JOAO LUIZ SALLES VALINHOS
1553;25038105000160;LA PALMA'S PIZZARIA LTDA
1554;10416813000110;LBL CERVEJARIA LIMITADA
1555;20425563000139;LUIS M. CARVALHO PINA
1556;51300143000150;MAGIARTE ARTESANATOS DECORATIVOS LTDA
1557;01849585000181;MANTUANELLI E BERTACIN GRAFICA JUNDIAI LTDA
1559;07098386000165;MARCIA APARECIDA SOLINSKI
1560;12835935000177;MARCIA MARIA DOS SANTOS RIBEIRO 41261030826
1561;03298780000196;MARIA TEREZA TRAVITZKI GALVAO
1564;04889204000186;RAQUEL C. M. DA COSTA LOBO
1565;56181415000163;ROS-TER INDUSTRIA E COMERCIO DE CONDUTORES ELETRICOS LT
1566;21739103000148;MARIANA KINTSCHEV TIBURCIO
1567;12694884000100;ON-TRADING COMERCIO DE COSMETICOS E PERFUMARIA LTDA
1568;14185140000196;TUBOTAC ANDAIMES E EQUIPAMENTOS PARA CONSTRUCAO CIVIL LTDA
1569;11756357000110;NEUSA ANTONAZZI
1570;04576035000124;QUEMEL & SILVA LIMITADA
1571;10802744000183;MASTER CABO TELECOMUNICACOES LIMITADA
1572;03501212000140;PEDROZO COMERCIO DE MADEIRAS TUUBARAO LTDA
1573;52521820000122;FRANCISCO MILTON INTROPEDI
1574;60789641000107;AUTO POSTO CONTINENTAL LTDA
1575;02152473000130;WF CANDIDA COMERCIO E SERVICOS AUTOMOTIVOS LTDA
1576;02730812000118;WF ARARAS COMERCIO E SERVICOS AUTOMOTIVOS LTDA
1577;05725555000114;R F M COMERCIO E SERVICOS AUTOMOTIVOS LTDA.
1578;24200756000142;ROBERTO TADEU FRATARI
1579;08050867000163;FERNANDA REGINA BATISTA GUIMARAES
1581;47974696000110;HENCOR EMPREENDIMENTOS IMOBILIARIOS LTDA
1582;45822764000109;TIJOLO TECNICO FABR E COM DE PRODS PARA CONSTRUCAO LTDA
1583;11059190000139;THIAGO T. SIKOTA
1584;03072171000114;REPRESENTACOES GENTIL E FILHO LTDA
1585;07584276000103;BORSTNAR & SANTOS LIMITADA
1586;12374498000131;NELCI GAZARINI REBECCHI ALVES BAR
1587;01783303000190;LASSALA & GOMES LTDA
1588;66637257000167;NUNES & NUNES BAR E MERCEARIA DE VALINHOS LTDA
1589;93310357000238;RG REGULADORA SERVICOS TECNICOS DE SEGUROS LTDA
1590;08807357000198;GLAUCIA DE SOUZA NASCIMENTO PAPELARIA
1591;04070372000145;CONEXAO DESIGN BRASIL FEIRAS E EVENTOS LTDA
1592;03837593000133;IVANI MARCIA DA SILVA
1593;59017442000193;LIBER-ARTE ASSESSORIA GRAFICA EDITORIAL SC LTDA
1594;03020394000138;M.R. INSPECOES DIMENSIONAIS S/C LTDA
1595;64598147000108;UGO AGNELLO VALINHOS
1596;03521115000110;THAIS ALINE CARVALHO SAGAWA
1597;47630991000150;CAMARGO FAGUNDES & CIA LTDA
1598;07613786000161;RODRIGO DE PAULA LOPES
1600;17216447000103;SORPEREZ REPRESENTACOES LIMITADA
1603;96479761000147;VENDBEN ASSES EM PLAN COORD DE VENDA EXTERNA S/C LTDA
1604;66787615000118;VENDBEN COMERCIO E REPRESENTACAO LTDA
1605;44637718000169;JOSE CARLOS AGNELLO
1606;59575332000147;MARTINS E MARANA PRODUCOES S/C LTDA
1607;48565519000143;MARILENA MICHELON SAMPAIO
1608;00253114000143;FACIGRAF ARTES GRAFICAS LTDA
1609;67588962000184;MARILENA MICHELON SAMPAIO MATERIAL PARA CONSTRUCAO
1610;01920533000154;VALIMPACK EMBALAGENS LTDA
1611;04637976000120;ZESTEC LTDA.
1612;12424764000193;R.J SISTEMAS DE SEGURANCA LIMITADA
1613;08237279000133;T.P.J.C REPRESENTACAO COMERCIAL LIMITADA
1614;06536576000154;EVAPOTEC CLIMATIZADORES LTDA
1615;05524808000191;CELTA INDUSTRIA E COMERCIO DE EMBALAGENS LTDA
1616;00680511000100;MAANAIM CORRETORA DE SEGUROS & CONSULTORIA DE INFORMATICA LTDA
1617;07104918000120;NOVA MAANAIM CORRETORA DE SEGUROS LTDA
1618;50047893000107;IMOBILIARIA SAO FELIPE LTDA
1619;67378588000192;TRANSBLOCOS TRANSPORTES RODOVIARIOS DE CARGAS LTDA
1620;02739825000239;VALISAT ATIVACAO DE REDE DE TV A CABO LTDA.
1622;11594698000218;IMPERIAL TRANSPORTES EXPRESS LTDA
1623;59017368000105;IMOBILIARIA SOLO LTDA
1624;60325248000154;VALDEMAR RIBEIRO DOS SANTOS VALINHOS
1626;46124988000100;PAIXAO E ECOLOGIA, HOSPEDAGEM E LAZER LTDA
1627;96245972000115;FLORIPA & FLORIPA LTDA
1628;07496491000152;TRANSLAME - TRANSPORTES E MUDANCAS LTDA
1629;12054639000139;T. ROMERO DELGADO
1630;63022644000109;DELBEL & CONTI LTDA
1631;57697120000107;LUIZ ANTONIO DELBEL
1632;66849316000160;SMG ADMINISTRADORA DE BENS LTDA
1633;02739825000158;VALISAT ATIVACAO DE REDE DE TV A CABO LTDA.
1634;01058439000138;ANTONIO CARLOS CAPOVILLA
1635;11300767000152;NEGO BLOCOS LIMITADA
1636;01695362000107;ITO AUTO CENTER ALINHAMENTO DE VEICULOS LIMITADA
1639;11395756000101;M. JACINTO & ESPIRITO SANTO LTDA
1656;28835887000157;VR INDUSTRIA GRAFICA LTDA
1657;17737600000130;FFS RESTAURANTE LTDA
1664;06529500000100;NUNES ZELADORIA E PORTARIA LIMITADA
1667;03790330000116;CAMARGO MAQUINAS CERAMICAS LIMITADA
1688;02894995000107;TANAKAO PET SHOP PRODUTOS AGROPECUARIOS LTDA
1689;08179912000184;PITON E IRMAO LIMITADA
1693;04911191000102;XEROGRAFIA INFORMATICA LTDA
1713;51990679000144;PARATY PESCADOS LTDA
1722;22563436000121;NR SERVICOS MEDICOS SS LTDA
1731;02310481000167;DRUCK CHEMIE BRASIL LTDA
1732;05660278000109;JOLUMAX ORGANIZACAO DO TRABALHO LIMITADA
1736;09398995000165;CASA BELA REVESTIMENTOS LIMITADA
1737;06250473000123;ENDRIO VEICULOS LTDA
1738;06237672000100;FTCH ENGENHARIA CIVIL LIMITADA
1739;11265221000108;BUONA PIZZA-DELIVERY LTDA
1742;08249022000100;JK SERVICOS TERCEIRIZADOS LTDA
1745;22563436000202;NR SERVICOS MEDICOS SS LTDA
1752;43039002000105;RBR TREINAMENTOS LTDA
1753;10966906000119;S.A. DE OLIVEIRA PINHEIRO SERVICOS DE TRANSPORTES
1759;02621434000134;MARLENE BLUMENTHAL SAEKI
1781;29930463000134;MARCHEZAN LOG EIRELI
1782;06048328000164;NOVA - NUCLEO DE ORTOPEDIA VALINHOS LIMITADA
1805;04749431000106;ROLOFF COMERCIO E REPRESENTACOES LTDA
1806;62978283000106;PANIFICADORA CASTELO VINHEDO LTDA
1808;08992514000182;INTROPEDI PRESTACAO DE SERVICOS E COBRANCA EIRELI
1811;09448149000102;PLIMA COMERCIO DE PNEUS EIRELI
1814;09537159000114;NCO INDUSTRIA E COMERCIO DE METALICOS EIRELI
1815;07574844000195;ENECXEL COMERCIO DE MATERIAIS ELETRICOS LTDA
1820;26128693000196;TIRRENO FINANCAS E NEGOCIOS LTDA
1824;02026752000157;EXPRESSO LINE LOCACAO DE AUTOMOVEIS VALINHOS EIRELI
1825;10230281000122;JOHN WILLIAM HENNESSEY
1829;54672191000167;S S REPRESENTACOES MERCANTIS LTDA
1831;33431304000162;UNIVALI DISTRIBUIDORA E COMERCIO LTDA
1833;07571785000100;ZAGO CALHAS LIMITADA
1836;10382324000195;MARCOS PAULO BRAGATO
1846;23843607000139;NOBREGA & ASSOCIADOS MEDICINA S/S LTDA
1850;07393858000102;MARENCA REPRESENTACAO COMERCIAL LTDA
1854;09183504000169;DORIVALI COMERCIO E DISTRIBUIDORA DE PRODUTOS ALIMENTICIOS LTDA
1855;02334529000177;GESTOCK LOGISTICA LTDA
1858;02120773000137;INSTRUCAMP INSTRUMENTOS DE MEDICAO LTDA
1859;14394710000158;FILIPE ROBERTO BRAGA RONCATTO 36086244812
1860;07787604000179;TRAFFOS SERVICOS ADMINISTRATIVOS LTDA
1861;68451483000184;GESTOCK GERENCIAMENTO DE BENS LIMITADA
1868;10802728000190;DAVITA SERVICOS DE NEFROLOGIA BARAO GERALDO LTDA
1871;24248952000197;CAVAGNA GROUP DO BRASIL COMERCIO, IMPORTACAO E EXPORTACAO LTDA.
1872;17765036000169;RL ILUMINACAO LTDA
1873;16686026000175;GASLIVE IMPORTACAO E EXPORTACAO DE PRODUTOS MEDICOS LTDA
1877;10758908000112;MARCOS ANTONIO DE REZENDE LTDA
1878;24326629000194;PAULO CEZAR RIBEIRO
1879;14908342000119;MARCOS PAULO CARIOCA 12067117874
1900;17765036000240;RL ILUMINACAO LTDA
1906;74262981000181;IRINEU MARTINS REPRESENTACOES LTDA
1908;35014898000131;JL PIRES COMERCIO VAREJISTA DE ALIMENTOS
1911;04449995000123;TECNOSERVICE TECNOLOGIA EM SERVICOS LTDA
1916;31203627000173;POWER EMPRESARIAL DISTRIBUIDORA DE PNEUS E IMPORTADORA EIRELI
1926;30010265000131;SOLU ADMINISTRACAO DE BENS LTDA
1932;10769759000278;INSTITUTO HUMANITA DE SAUDE E ENSINO ESPECIALIZADO LTDA
1934;43093890000136;QUATTRO SERVICOS MEDICOS LTDA
1937;02894995000379;TANAKAO PET SHOP PRODUTOS AGROPECUARIOS LTDA
1946;11819449000100;HORTIFRUTI KANESHI LTDA
1959;07662528000175;HELENA SILVA RIBEIRO ALVES
1975;01377032000173;MEGAARC INDUSTRIAL, SOLDAGEM E SEGURANCA LTDA
1977;01560653000198;MULTI-GLUE SERRANO INDUSTRIA E COM DE COLAS LTDA
1985;32143564000170;UNICA SERVICOS ADMINISTRATIVOS EIRELI
1986;32116240000142;CONNECTION PARTICIPACOES LTDA
1992;96649611000134;DAN-TEK ENGENHARIA - EIRELI
1994;00691351000196;EGAS CONSULTORIA EIRELI
1995;19235031000150;GPB SERVICOS DE PSICOLOGIA LTDA
1996;13391911000139;JPME CONSULTORIA DE NEGOCIOS E OBRAS EIRELI
1999;08884847000198;VRI NEGOCIOS E PARTICIPACOES LTDA
2000;18876056000170;C. FABIANO PARTICIPACOES EIRELI
2011;33979330000120;LIQUOS AMBIENTAL EQUIPAMENTOS E SISTEMAS PARA SANEAMENTO BASICO AMBIENTAL EIRELI
2015;31349997000113;GELRAN LLC
2030;21614021000177;PHEL PARTICIPACOES LIMITADA
2034;04136272000174;METROWATT COMERCIO E MANUTENCAO LTDA
2040;06915320000158;ODETALLI REPRESENTACOES EIRELI
2041;05015368000147;TRANSVIVA TRANSPORTES DE VALINHOS LTDA
2047;81717035000148;GUARUJA EQUIPAMENTOS PARA SANEAMENTO LTDA.
2054;02894995000450;TANAKAO PET SHOP PRODUTOS AGROPECUARIOS LTDA
2059;16896203000148;SMART CLICHERIA EIRELI
2062;11544779000122;SOLUCOES COMUNICACAO VISUAL LTDA
2069;24990620000183;PET FOOD GROUP INDUSTRIA E COMERCIO LTDA
2071;14763956000150;FH MONTAGEM E MANUTENCAO INDUSTRIAL LTDA
2076;12197211000145;J. C. LOUREIRO NEGOCIOS EIRELI
2077;28135367000131;DECHEN TRANSPORTES LTDA
2079;07075580000125;S & T SISTEMAS DE AUTOMACAO INDUSTRIAL LTDA
2082;27391046000135;GWA WATER SISTEMAS E EQUIPAMENTOS PARA SANEAMENTO LTDA
2084;09633289000150;EASEMED APARELHOS HOSPITALARES LIMITADA
2085;30450392000151;KAIROS HOSPITALAR DISTRIBUIDORA DE MEDICAMENTOS LTDA
2093;19694052000133;DRIMASA ADMINISTRACAO DE BENS LTDA.
2097;10721486000100;POSTE PADRAO PRONTO VALINHOS LTDA
2099;05730168000176;DAVITA SERVICOS DE NEFROLOGIA TAQUARAL LTDA
2104;25242137000183;TONUTRI BRASIL LTDA
2107;96325659000197;CAMPFLEX MOVEIS PARA ESCRITORIO EIRELI
2111;10572341000195;DEJAIR SORIA
2116;16629483000128;LIFE MED SERVICOS MEDICOS S/S LTDA
2118;12430686000130;IVAIR RODRIGUES VERDEIRO 12811794859
2120;12460307000154;ELIZABETE ZANNI GRAMASCO
2129;67267757000117;COMERCIAL DEZIDERIO FRUTAS E LEGUMES EIRELI
2133;12538334000100;VIAFIBRA TELECOMUNICACOES LTDA
2136;15623892000154;CONCREMAX CONCRETEIRA EIRELI
2149;00839113000185;E L ZORDAN REPRESENTACOES COMERCIAIS LTDA
2152;03833429000158;J.P.A. REPRESENTACOES LTDA
2154;53433223000109;PERSOAP INDUSTRIA E COMERCIO DE COSMETICOS LTDA
2160;14766681000108;LG SERVICOS DE INSTALACOES E MONTAGENS LTDA
2161;33226768000137;MARCIO RIBEIRO DA SILVA FILHO
2162;08308555000107;INSTITUTO BIOPHYTIS DO BRASIL SERVICOS, COMERCIO, IMPORTACAO E EXPORTACAO DE ALIMENTOS LTDA.
2170;16526570000150;LUCAS CALIXTO BOLETINI DE SOUZA EIRELI
2172;14603261000100;BUCHI BRASIL LTDA.
2181;02310481000248;DRUCK CHEMIE BRASIL LTDA
2184;01608071000134;RAPIDO VINHEDO LTDA
2186;37356576000104;INOVA COMERCIO E REPRESENTACAO LTDA
2189;30659586000161;GM FERRAMENTARIA E PLASTICOS - EIRELI
2195;18976817000165;FRONTEIRAS UNIDAS EXPORTACAO EIRELI
2209;13386929000142;INNOVATE TECHNOLOGIES DO BRASIL MAQUINAS E FERRAMENTAS EIRELI
2210;13296548000172;STYROTECH INDUSTRIA E COMERCIO DE EPS EIRELI
2211;13336552000117;NEW-SEARCH SERVICOS DE INFORMATICA LIMITADA
2216;05677536000160;TRANSPORTE E LOGISTICA SANTA ISABEL LTDA
2217;11218991000108;PHILOS GLOBAL SERVICES LTDA
2223;13535765000178;SSI EQUIPAMENTOS INDUSTRIAIS LIMITADA
2224;15126888000180;TORNIZIELLO & VECHINI LTDA
2228;13771257000199;CLINICA MEDICA MANENTE LIMITADA
2230;19894514000166;ASSOCIACAO DAS BANDAS JOVENS DE VALINHOS
2231;07447368000141;FUTURE HOME DECOR LTDA
2233;19964951000109;L. FERNANDES VIEIRA STEFANI
2237;25242137000426;TONUTRI BRASIL LTDA
2238;43290980000117;CAMPAL FRUTAS E LEGUMES LTDA
2239;43290980000206;CAMPAL FRUTAS E LEGUMES LTDA
2255;16979609000194;L. B. C. FOMENTO MERCANTIL LTDA
2263;72819089000123;S. SABAS LOCADORA DE VEICULOS EIRELI
2268;05614988000100;SANNE - METALS COMERCIO DE FERRAMENTAS E REPRESENTACAO COMERCIAL LTDA
2281;14740950000167;SOLGRAPHICS SOLUCOES GRAFICAS LTDA
2282;20302930000107;TLG MONTAGEM INDUSTRIAL LTDA
2287;14724487000160;MAIA & CAMPANA SERVICOS MEDICOS LIMITADA
2291;08026550000191;QUERIDA SK COMERCIO DE ROUPAS EIRELI
2292;29234768000101;CSF PARTICIPACOES EIRELI
2298;36609141000153;STG PISOS INTERTRAVADOS LTDA
2299;29161423000175;CRISTIAN JURADO CORREA
2300;08026550000787;QUERIDA SK COMERCIO DE ROUPAS EIRELI
2314;17651318000135;CONSTRUTEQ CONSTRUTORA EIRELI
2315;53748042000171;MAXQUALY - COMERCIO E LOGISTICA DE COSMETICOS - EIRELI
2321;26690655000122;DAVI QUEMEL CARDOSO COMERCIO DE VEICULOS
2335;22087002000100;SOLEL ADMINISTRACAO DE BENS LTDA
2353;19404491000164;J. B. FRANCO REPRESENTACOES
2359;19013403000101;R.B GOMES COMERCIO E TREINAMENTO
2366;15706459000182;RPS REVESTIMENTOS DE PISOS EPOXI LTDA
2367;19209893000108;MV2 SERVICOS DE PSICOLOGIA E MEDICO LTDA
2375;22115989000111;KAJEMI SERVICOS EMPRESARIAIS LTDA
2383;30057409000105;MARCIO A. DA ROSA REPRESENTACOES
2384;29541374000104;REDE DE COMPRAS COMERCIO DIGITAL LTDA
2386;13236756000186;LUKA INDUSTRIA E COMERCIO DE PLASTICOS LTDA
2393;22481129000100;JULIO CEZAR VAZ PEDROZO
2395;14915171000155;TRANSPORTADORA POLVORA & SILVEIRA LTDA
2397;53612073000109;HELIUS GRAFICA E EDITORA LTDA.
2398;26570616000191;CENTRO IMAGEM LOCACOES DE SALAS E ESPECIALIDADES MEDICAS LTDA
2400;30386897000102;M5L9 PARTICIPACOES LTDA
2404;06984823000185;MD SERVICOS E LOGISTICA EIRELI
2419;15110052000198;GUINCHO VALINHOS TRANSPORTES EIRELI
2435;20348164000111;PUMPS BRASIL LTDA
2439;24626465000110;STRAUSS DROVETTO FISIOTERAPIA S/S LTDA.
2444;01039449000126;MARCELO NATAL COMERCIO DE MAQUINAS
2445;09041767000133;CLAUDIO JOSE PINTO REBOQUES
2448;05642324000147;ZAHN SCAN SERVICOS ODONTOLOGICOS SC LIMITADA
2449;32143566000169;JULIANA CRISTINA SUZUKI GOMES DA SILVA
2469;08115253000112;LUIZ FERNANDO TORREZIN
2470;17510747000192;MARCIO JOSE BERNARDINETTI
2471;08180723000121;JOAQUIM ROBERTO TORREZIN
2472;08634405000193;EDUARDO RODRIGUES FRANKLIN
2473;09211056000160;JOHN WILLIAN HENNESSEY
2476;47934948000188;FRATERNIDADE SAO JOAO DE JERUSALEM
2477;51886810000128;ESPORTE CLUBE CASTELO
2479;51886810000209;ESPORTE CLUBE CASTELO
2482;04676446000191;ASSOCIACAO EDUCATIVA E CULTURAL DE VALINHOS
2483;49411200000126;ASSOCIACAO SAO CRISTOVAO DE ESPORTES
2488;10990756000189;ASSOCIACAO DE PAIS E MESTRES DA E.M.E.I. TIO PEDRO BRANDINI
2489;51906121000138;ASSOC DE AMIGOS DO BAIRRO FAZENDA SAO BENTO DO RECREIO
2490;03900075000117;ASSOCIACAO FILANTROPICA DE APOIO A ENTIDADES BENEFICENTES PUBLICAS E PRIVADAS
2491;11272183000110;ASSOCIACAO DE PAIS E MESTRES CEMEI PROFESSOR OSVALDO MULLER
2492;54671557000183;ASSOCIACAO DE PAIS E AMIGOS DE SURDOS DE CAMPINAS - APASCAMP
2494;23490749000160;ASSOCIACAO ESPORTIVA MAVERICKS FUTEBOL AMERICANO
2505;10532145000197;BTFIXO COMERCIO DE FERRAMENTAS LTDA
2506;15200768000186;CAIO DA SILVA PERONICA
2507;11458142000113;CLINICA DE ONCOLOGIA ONCOSAUDE LTDA
2509;17765036000320;RL ILUMINACAO LTDA
2510;08026550001163;QUERIDA SK COMERCIO DE ROUPAS EIRELI
2511;08026550001406;QUERIDA SK COMERCIO DE ROUPAS EIRELI
2513;12902103000126;JL COMERCIO DE VESTUARIOS LTDA
2515;05192092000172;NOVA ATACADO IMPORTACAO E EXPORTACAO LTDA
2517;08026550000434;QUERIDA SK COMERCIO DE ROUPAS EIRELI
2527;48656375000130;JOLA MATERIAIS PARA CONSTRUCAO LTDA
2528;00205734000379;SUL-CORTE IMPORTADORA DE FERRAMENTAS LTDA
2530;13138776000114;TORNIZIELLO E VECHINI CONSULTORIA E ENGENHARIA LTDA
2536;06221095000150;PRIVATE COSMETICOS, INDUSTRIA E COMERCIO LTDA
2549;10769759000197;INSTITUTO HUMANITA DE SAUDE E ENSINO ESPECIALIZADO LTDA
2557;03316575000106;MARIA APARECIDA PIERINI
2561;11638790000151;IMEDIATO VALVULAS E CONEXOES LTDA
2575;17521520000142;AVEP PARTICIPACOES LIMITADA
2676;20959609000108;ACPR PARTICIPACOES LIMITADA
2751;00020396368891;ELIZABETE ZANNI GRAMASCO
2945;26973312000175;R. POSTAL SERVICOS CONTABEIS LIMITADA
2946;05497487000183;RP SERVICOS CONTABEIS EIRELI
2947;13576903000167;RPAV PARTICIPACOES LIMITADA
2948;19937946000107;VEIGA E POSTAL LIMITADA
2949;22115972000164;TALGUEZ EQUIP DE INFORM E MODUL LTDA EPP
2950;26973312000256;R. POSTAL SERVICOS CONTABEIS LIMITADA
2951;35586086000160;RPEM CONTABIL E GESTAO DE DADOS LTDA
2953;23250724000199;LOCKPIPE DO BRASIL LTDA
2954;23543760000140;TALGUEZ INFORMATICA LTDA ME
2955;23532978000108;RCN SERVICOS CONTABEIS EIRELI
2958;23250724000270;LOCKPIPE DO BRASIL LTDA
2964;09254402000197;A.S.C CONSULTORIA EM TECNOLOGIA DA INFORMACAO LTDA
2971;09582812000167;AGX PRODUTOS ALIMENTICIOS LTDA
2973;07072907000105;ALDO CORREA REPRESENTACOES COMERCIAIS LTDA
2978;09377019000126;ARCAS CONSULTORIA E GERENCIAMENTO INDUSTRIAL LTDA
2982;54136361000199;B & G ENGENHARIA COMERCIO E REPRESENTACOES LTDA
2983;71973176000178;BASESYSTEM COMERCIO DE EQUIPAMENTOS PARA INFORMATICA LT
2984;17733857000113;BASSON COMERCIO DE VEICULOS E ORGANIZACAO DE FEIRAS EIRELI
2987;02188709000198;BRAPAR COMERCIAL LIMITADA
2988;17446756000161;BRKAIROS IMPORTACAO E EXPORTACAO LTDA
2989;22986631000164;BROKER MASTER ORGANIZACAO LOGISTICA LTDA.
2990;22986653000124;BROKER MASTER REPRESENTACAO COMERCIAL LTDA.
2992;35656196000151;CAGI COMERCIO DE VEICULOS EIRELI
3000;67418947000198;COTRIM ORGANIZACAO DE DOCUMENTOS LTDA
3001;00811577000183;D & A JUNDIAI PRODUTOS ALIMENTICIOS LTDA
3004;57059800000103;DELLI REPRESENTACOES LTDA
3005;15632485000103;DEOT ADMINISTRACAO DE BENS E PARTICIPACOES S/A
3012;29829836000185;ELIAS ELIAS
3021;34242100000146;FAJOL COMERCIO DE TINTAS, VERNIZES E ACESSORIOS PARA PINTURA LTDA
3022;34242100000227;FAJOL COMERCIO DE TINTAS, VERNIZES E ACESSORIOS PARA PINTURA LTDA
3029;08968127000100;GALDINO SERVICOS DE PINTURA LTDA
3034;07237006000126;GTEC COMERCIO DE EQUIPAMENTO E SUPRIMENTOS PARA PAPELARIA LTDA
3035;02446824000115;H C DE JUNDIAI PRODUTOS ALIMENTICIOS EIRELI
3037;30324077000188;HOLDING OLIVEIRA LTDA
3041;60307642000160;INDUSTRIA MECANICA SOLEMAR EIRELI
3049;10230301000165;LARISSA CAMPOS MARIALVA
3051;12793042000106;LEANDRO DOS SANTOS NASCIMENTO PINTURAS
3071;71623888000167;M.L PRODUTOS ALIMENTICIOS EIRELI
3073;22958266000184;N&W HOLDING DE PARTICIPACOES LTDA.
3077;43757621000127;OLYRA HOLDING LTDA
3078;00738128000157;OSESF - ORGANIZACAO SERVICO SOCIAL FAMILIAR DE JUNDIAI LTDA
3079;50926096000191;OTICA FERNO LTDA
3080;00656064000145;PLB ADMINISTRACAO DE BENS E PARTICIPACOES S/A
3083;00709391000118;PROALVES PROJETOS MECANICOS LTDA
3085;40333582000142;PROSEFTUR CORRETORA DE CAMBIO LTDA
3086;54738638000153;PROVARE ALIMENTACAO LTDA
3091;39775430000110;REAL EXPORTADORA AGRO LTDA
3093;07812734000114;RISSO & CASTRO LTDA
3097;05353705000106;S. L. MOREIRA
3105;17906456000118;SMARTAPP TECNOLOGIA E TELECOMUNICACOES LTDA
3109;23649851000165;TAHA ADMINISTRACAO PATRIMONIAL LTDA
3110;11066188000197;TERTECH MANUTENCOES INDUSTRIAIS EIRELI
3111;04190442000107;TRATAMENTO TERMICO DE METAIS VIP LTDA
3114;15163155000116;VERONA MULTIMARCAS COMERCIO DE VEICULOS LTDA
3115;03893550000175;VERTICE TECNOLOGIA COMERCIO E SERVICOS LTDA
3117;59447680000139;VIRLEI IOTTI
3118;50035583000164;VIVAN ADMINISTRADORA DE BENS LTDA
3121;10226417000120;ZIERI ADMINISTRACAO DE BENS E PARTICIPACOES S/A
3128;50980572000152;ASSOCIACAO ATLETICA BANCO DO BRASIL
3129;37297726000148;OLIVEIRA FOUNDATION
3130;43039497000164;WE CHANGE THE WORLD
3132;29458693000142;TMZ MARKETING & PUBLICIDADE DIGITAL LTDA
3146;41646920000169;CSA BUSINESS LTDA
3149;34454764000179;CASSIUS SANT ANA EIRELI
3162;24661959000136;LOCKPIPE DA AMAZONIA LTDA
3169;45348201000112;TRAVESSEIROS ELEVA INDUSTRIA E COMERCIO LTDA
3348;40991860000159;ESTACAO VALINHOS DISTRIBUIDORA DE BEBIDAS LTDA
3349;45392393000164;TRANSPORTES GE LTDA
3353;21775433000199;RA PARTICIPACOES E EMPREENDIMENTOS LTDA.
3354;36174716000152;RHEYS PARTICIPACOES E SERVICOS DE ASSESSORIA LTDA
3355;36642823000168;ECOSIGN INOVACOES TECNOLOGICAS LTDA.
3356;36642823000249;ECOSIGN INOVACOES TECNOLOGICAS LTDA.
3357;28366414000158;ANA CAROLINA DA COSTA CARVALHO
3364;26973312000337;R. POSTAL SERVICOS CONTABEIS LTDA
3372;31719251000154;C&S ENGENHARIA LTDA
3375;45771883000171;JKANESHI DISTRIBUIDORA DE HORTIFRUTI LTDA
3379;12538334000283;VIAFIBRA TELECOMUNICACOES LTDA
3387;26973312000418;R. POSTAL SERVICOS CONTABEIS LTDA
3407;17539363000100;EUNICE VIOLA
3409;21409726000152;CAMPIMED - SAUDE OCUPACIONAL LTDA
3411;04737034000114;VALTHERMO ENGENHARIA, SERVICOS E PRODUTOS LTDA
3414;11052285000120;A & D COMERCIO DE FERRAGENS LTDA
3426;07322744000171;FORTVALE COMERCIO DE PRODUTOS AGROPECUARIOS LTDA.
3432;29541374000287;REDE DE COMPRAS COMERCIO DIGITAL LTDA
3443;25242137000507;TONUTRI BRASIL LTDA
3445;46678138000145;PIP SERVICOS DIAGNOSTICOS LTDA
3480;29501992000112;ASSOCIACAO CRISTA ACOLHER CUIDAR ENSINAR E SERVIR
3482;14216358000160;MARCHEZAN TRANSPORTES RODOVIARIOS LTDA
