2962;01.855.804/0001-35;A & M TREINAMENTO EMPRESARIAL LTDA
2965;11.929.507/0001-40;A.D.M. COMERCIO E SERVICOS DE FERRAMENTAS LTDA
2969;20.014.633/0001-66;ADEMILTON GOMES DE OLIVEIRA REPRESENTACAO LTDA
2970;04.237.555/0001-02;AGENCIA GP7 FOTOGRAFIAS E EVENTOS EIRELI
2975;07.724.474/0001-25;ANDREA LUCIA QUITO INFORMATICA
2976;00.225.046/0001-09;ANGELO DOMINGO CHIVA
2977;07.245.623/0001-73;ANTONIO MARCEL COSTA
2979;13.379.766/0001-70;ATIQUE & ATIQUE PRODUCOES CULTURAIS LTDA
2983;71.973.176/0001-78;BASESYSTEM COMERCIO DE EQUIPAMENTOS PARA INFORMATICA LT
2991;20.129.129/0001-01;C.F.V. DA SILVA PRESTACAO DE SERVICOS
2996;24.073.410/0001-20;CLAUDEMIR BATISTA
2997;03.711.499/0001-33;CLINICA DR. NEWTON ARCHANJO EIRELI
3004;57.059.800/0001-03;DELLI REPRESENTACOES LTDA
3007;26.041.443/0001-14;DGA FOODS REPRESENTACOES LTDA
3015;04.423.445/0001-35;ENDRIGO DUARTE FERREIRA
3016;24.872.820/0001-31;ENG BUSINESS GESTAO EMPRESARIAL LTDA
3020;30.586.137/0001-30;F D IOTTI REPRESENTACAO COMERCIAL
3023;03.033.940/0001-75;FAMILIA MASTRANGELO ROTISSERIE LTDA
3024;29.829.333/0001-00;FAUNES SERVICOS DE TOPOGRAFIA LTDA
3026;54.569.819/0001-01;FORTES & FORTES LTDA
3027;08.740.601/0001-42;FOTO OPTICA MOLINA EIRELI
3028;20.486.797/0001-96;GABRIEL MARTINS COTRIM
3030;24.839.885/0001-85;GISELE DO AMARAL APOIO ADMINISTRATIVO
3036;09.137.339/0001-09;HAIDAR AHMAD TAHA
3039;41.109.740/0001-48;ILITERA GRAFENO SEGURANCA E SAUDE OCUPACIONAL LTDA
3043;24.256.088/0001-75;JEFFERSON ROBERTO DE SOUZA E COMPANHIA COMERCIO DE EQUIPAMENTOS E SUPRIMENTOS DE INFORMATICA LTDA
3045;32.249.759/0001-07;JL POLLI FERRAMENTARIA
3046;34.162.779/0001-63;JM TORESIN USINAGEM E FERRAMENTARIA
3053;08.468.535/0001-01;LEONARDO SILVA BASSO
3054;42.836.535/0001-47;LIMPLAST COMERCIO DE EMBALAGENS LTDA
3056;11.207.955/0001-30;LUIS GUSTAVO MANOEL
3059;30.854.501/0001-04;M. J. DA SILVA ENGENHARIA E MANUTENCAO PREDIAL
3065;18.121.516/0001-50;MASSINI COMERCIAL E IMPORTACAO DE MAQUINAS E FERRAMENTAS LTDA
3068;04.759.523/0001-77;MICHEL RODRIGO FERRAZ
3069;01.216.181/0001-50;MILTON RAFAEL MAZZALI
3072;06.375.087/0001-68;MONICA DE PAULA LIMA SILVA
3087;42.233.100/0001-08;PSIQUE AUTENTICIDADE SERVICOS DE PSICOLOGIA LTDA
3088;17.839.372/0001-09;R D IOTTI SERVICOS ADMINISTRATIVOS
3101;10.944.576/0001-60;SCORPION'S JEANS COMERCIO DE ROUPAS EM GERAL LTDA
3102;57.706.186/0001-16;SCORPIUS AGENCIA DE VIAGENS E TURISMO LTDA
3103;19.842.258/0001-63;SHAHIN LOURENCINI REPRESENTACAO LTDA
3104;10.380.348/0001-05;SINTECH ASSISTENCIA TECNICA LTDA
3118;50.035.583/0001-64;VIVAN ADMINISTRADORA DE BENS LTDA
3138;44.764.559/0001-63;DUC MUSIC EDITORA E PRODUTORA MUSICAL LTDA
;;
;;
