5;40075014000199;BNO ENGENHARIA LTDA;Gravação com sucesso!
21;07774214000164;C. DE OLIVEIRA SANTOS ATIVIDADES ESPORTIVAS - ME;Empresa não encontrada
37;21888811000140;A. BASTOS CORREA EIRELI;Gravação com sucesso!
45;32837044000167;ADNILSON ZANETI - ME;Gravação com sucesso!
51;10571000000103;ALONSO & PIERRE LTDA - ME;Gravação com sucesso!
64;08354632000165;ANTONIO TRAJANO DA SILVA FILHO;Gravação com sucesso!
71;32657709000150;BB2 COMERCIO E SERVICOS ADMINISTRATIVOS LTDA;Gravação com sucesso!
86;24831269000188;CIASCA JOIA DE ATELIE LTDA;Gravação com sucesso!
108;38502523000109;ALEXANDRE SIGRIST DE MARTIN;Gravação com sucesso!
115;24012438000158;EDILSON CAMPOS DO NASCIMENTO;Gravação com sucesso!
117;11087598000114;ENTERPRISE ELECTRONICS LTDA;Gravação com sucesso!
142;22856193000110;GDFL - CERVEJAS ESPECIAIS LTDA - ME;Gravação com sucesso!
185;41768501000108;KLT DEVELOPMENT;Gravação com sucesso!
259;41030187000153;ORTEGA CARNEIRO CONSULTORIA FARMACEUTICA LTDA;Gravação com sucesso!
289;22020250000126;ASHCAR FISIOTERAPIA EIRELI;Gravação com sucesso!
309;08614733000128;SANTANA COMERCIO E REPRESENTACAO DE FRIOS LTDA - ME;Gravação com sucesso!
315;21348425000166;SIGRIST ODONTOLOGIA AVANCADA LTDA;Gravação com sucesso!
