1;24982859000101;FACILITA SISTEMAS DE TECNOLOGIA LTDA;Lucro Presumido
2;42146042000185;A CELL ARRUDA ASSISTENCIA TECNICA LTDA;Lucro Presumido
19;32992242000103;ASSOCIACAO VILAREJO DO BOSQUE;Isentas
22;07591154000144;CALTEC CARTUCHOS E TONNERS LTDA;Lucro Presumido
24;71605935000140;CELSO TOFOLLI VEICULOS;Lucro Presumido
34;21423874000121;EVERTREND SOFTWARE LTDA.;Lucro Presumido
38;09157480000173;A. FERREIRA DE ALMEIDA - ME;Lucro Presumido
41;15016440000104;A. M. VICENTIN & VICENTIN LTDA - ME;Lucro Presumido
47;20233145000140;A3 TRANSPORTES RODOVIARIOS LTDA;Lucro Presumido
48;04980131000133;ABNER PAULOSSI - ME;Lucro Presumido
68;09091456000189;B.A.S. CONSTRUCAO CIVIL LTDA;Lucro Presumido
80;31632774000169;C.A.E.E. ADMINISTRACAO DE BENS E PARTICIPACOES LTD;Lucro Presumido
98;09506104000147;DENTAL VALINHOS REPRESENTACOES LTDA;Lucro Presumido
109;29886718000109;ALGR GERENCIAMENTO E ADMINISTRACAO LTDA;Lucro Presumido
114;32205459000118;ECOCONNECT AGENCIAMENTOS DE SERVICOS E NEGOCIOS LT;Lucro Presumido
116;03135585000145;BROCCHI SERVICOS ADMINISTRATIVOS LTDA;Lucro Presumido
120;58181538000120;AMAL - EMPREENDIMENTOS E MINERADORA ALVORADA LTDA;Lucro Presumido
125;00668328000180;FIRE FIGHTING BOMBEIROS INDUSTRIAIS LTDA;Lucro Presumido
134;20396484000147;FREDERIK HENDRIK ANTONIUS GEUER LTDA;Lucro Presumido
139;27355290000142;GAIA DESENVOLVIMENTO E PARTICIPACOES LTDA;Lucro Presumido
144;40838277000102;GENERAL FRAME LTDA;Lucro Presumido
146;13459226000105;GHM EMPREENDIMENTOS IMOBILIARIOS LTDA;Lucro Presumido
147;27006328000171;GIANONI & GIANONI LTDA;Lucro Presumido
151;35782307000176;GMZ LOGISTICA LTDA;Lucro Presumido
152;32837093000108;GONCALVES & GONCALVES TRANSPORTES LTDA;Lucro Presumido
155;41270084000160;HDS SERVICOS ADMINISTRATIVOS LTDA;Lucro Presumido
159;36199383000116;IHS ASSESSORIA EMPRESARIAL LTDA;Lucro Presumido
160;35183275000192;INFRATECH COMERCIO E INSTALACAO DE ENERGIA ELETRIC;Lucro Presumido
166;22158613000194;JABALI & COUTINHO S/S LTDA;Lucro Presumido
171;66157991000129;JOLICOLOR COMERCIO DE ETIQUETAS ADESIVAS LTDA;Lucro Presumido
172;14070085000199;JOLICOLOR SIGNS COMERCIAL LTDA;Lucro Presumido
179;28172397000118;JUVINI COMERCIO DE VEICULOS LTDA;Lucro Presumido
181;39675873000130;KAGEBRAS COMERCIO IMPORTACAO E REPRESENTACAO LTDA;Lucro Real
191;04568171000172;LEANDRO LIMA PRADO;Lucro Presumido
194;20404567000130;LM SILVEIRA EMPREENDIMENTOS IMOBILIARIOS LTDA;Lucro Presumido
196;45528403000146;LUCIANO BEZERRA DA SILVA;Lucro Presumido
233;29039141000108;MAVA PARTICIPACOES LTDA;Lucro Presumido
234;08448834000176;MEDICAL CENTER OFFICE ROOM S/S LTDA;Lucro Presumido
240;24430690000187;MG PARTICIPACOES E INVESTIMENTOS LTDA;Lucro Presumido
247;01447808000184;NEW SEARCH LOCACAO DE EQUIPAMENTOS LTDA;Lucro Presumido
257;50932946000164;ORACI GOTARDO & CIA LTDA;Lucro Presumido
262;11272173000185;APM DA EMEB PREFEITO VICENTE JOSE MARCHIORI;Isentas
263;11123523000141;APM DA EMEI PROFA. NEIZE QUAGLIO MATHEDI;Isentas
271;15336911000161;FOLHA & AGUA EVENTOS LTDA;Lucro Presumido
275;21854407000156;PORMETRO CONSTRUTORA E ADMINISTRADORA DE OBRAS LTD;Lucro Presumido
280;13312262000133;QUIOSQUE BAR LTDA;Lucro Presumido
281;18677966000123;R. A. MOREIRA ENGENHARIA S/S LIMITADA;Lucro Presumido
288;08636736000162;A. GIGOLOTTI LIMITADA;Lucro Presumido
291;31823575000138;ASSEMBLEIA DE DEUS MINISTERIO IRMAOS NA FE ;Isentas
292;12121686000158;REAL VEREDA TRANSPORTES LTDA ;Lucro Presumido
293;13881609000169;RF VALINHOS COMERCIO E SERVICOS AUTOMOTIVOS LTDA;Lucro Real
295;05572047000143;ASSIS COMERCIO DE AREIA LIMITADA - ME;Lucro Presumido
298;16502233000122;ASSOCIACAO AMIGOS DA ORQUESTRA DE VIOLAS CULTURA CAIPIRA DE VALINHOS;Isentas
305;51294189000103;ASSOCIACAO CAMPINEIRA DE IMPRENSA;Isentas
307;13491494000104;ASSOCIACAO CIVIL DE MORADORES DO JARDIM IMPERIAL;Isentas
310;04905866000100;ASSOCIAÇÃO CIVIL DE MORADORES DO JARDIM SÃO BENTO DO RECREIO - NOSSA A PARTIR DE 21/01/2021;Isentas
312;08173047000169;ASSOCIACAO CIVIL ECO VIDA AMBIENTAL;Isentas
313;08185855000146;ASSOCIACAO COMPLETE VIDA;Isentas
316;28203797000143;ASSOCIACAO CULTURAL E ARTISTICA DE VALINHOS;Isentas
319;08459809000198;ASSOCIACAO DE ARTESAO E ARTISTAS PLASTICOS DE VALINHOS;Isentas
320;04794348000159;SOLANGE DOMINGOS PAES VITELLI;Lucro Presumido
322;51299121000117;ASSOCIACAO DE ESPORTES PALMEIRINHAS;Isentas
324;15012182000198;STRUDEL DO PORTO LTDA;Lucro Presumido
325;35566621000111;ASSOCIACAO DE FOMENTO A AUTONOMIA;Isentas
327;29435857000116;ASSOCIACAO DE GUIAS E MONITORES DE TURISMO;Isentas
329;10345242000170;ASSOCIACAO DE MOTOCICLISTAS MOTO CLUBE TIGRE DO VALE;Isentas
331;11267969000140;ASSOCIACAO DE PAIS E MESTRES DA EMEB ANTONIO FAVRIN;Isentas
334;52350329000186;ASSOCIACAO DE PAIS E MESTRES DA EMEB TOMOHARU KIMBARA;Isentas
335;11272189000198;ASSOCIACAO DE PAIS E MESTRES EMEB ANGELA TURCATTI;Isentas
336;11272180000187;ASSOCIACAO DE PAIS E MESTRES EMEB DOM AGNELO ROSSI;Isentas
337;21755722000126;ASSOCIACAO DE PRESERVACAO HISTORICA DE VALINHOS - APHV;Isentas
339;07177032000106;ASSOCIACAO DESPORTIVA E CULTURAL VALINHENSE DE KUNG FU SHAOLIN DO NORTE;Isentas
340;31935253000180;ASSOCIACAO DOS CORREDORES DE VALINHOS - ACOVAL;Isentas
341;14432407000100;ASSOCIAÇÃO DOS MORADORES DO PARQUE VALINHOS - NOSSA A PARTIR DE 30/09/2011;Isentas
342;17023163000192;ASSOCIACAO DOS PROPRIETARIOS DO LOTEAMENTO CEDROS DO LIBANO;Isentas
344;13375054000183;V3 - SERVICOS TECNICOS ESPECIAIS EM BIOSSEGURANCA ;Lucro Presumido
345;36364535000199;ASSOCIACAO DOS PROPRIETARIOS E MORADORES DO RESIDENCIAL WALDIR BERNARDINETTI, RESIDENCIAL CHIRLEY CORAZZARI BERNARDINETTI E RESIDENCIAL HELENA DI SANTI BERNARDINETTI - ABERTURA EM 21/02/2020;Isentas
347;01382850000164;ASSOCIACAO DOS PROPRIETARIOS EM VILLA MONTEVERDE;Isentas
348;20120625000102;ASSOCIAÇÃO DOS SERVIDORES PUBLICOS D MUNICIPIO VALINHOS NOSSA08/2017;Isentas
350;26569144000157;ASSOCIACAO EDUCACIONAL, CULTURAL E DESPORTIVO JOVEM FLORESTA DE KUNG FU;Isentas
352;15468634000140;ASSOCIACAO ESPIRITA - GRUPO LUZ E ESPERANCA - NOSSA A PARTIR DE 23/09/2020;Isentas
353;34163459000128;VENDESK PLATAFORMA DIGITAL DE VENDAS LTDA;Lucro Presumido
355;29011914000130;ASSOCIACAO ESPORTIVA DO JARDIM PINHEIROS;Isentas
359;08382027000106;ASSOCIACAO HABITACIONAL PRO-MORADIA DE VALINHOS, VINHEDO E LOUVEIRA;Isentas
361;08275185000159;ASSOCIACAO IGREJA EVANGELICA PENTECOSTAL NASCIDO DE DEUS;Isentas
363;21215158000159;ZANARDI PARTICIPACOES LTDA;Lucro Presumido
365;22005172000190;ASSUMA - ASSOCIACAO PARA SUSTENTABILIDADE E MEIO AMBIENTE;Isentas
369;13741496000104;AUXXILIO TRANSPORTES LTDA;Lucro Presumido
373;05896363000170;BASE CRIATIVA COMUNICACAO E COMERCIO DE ARTIGOS PR;Lucro Presumido
374;21436641000163;BASTOS & CROCCE SERVICOS ADMINISTRATIVOS LTDA;Lucro Presumido
376;30757550000110;BEM VIVER, ASSOCIACAO DE PSORIASE DE CAMPINAS E RMC;Isentas
386;01036242000106;BRASGRAPHICS SERVICOS ADMINISTRATIVOS LTDA;Lucro Presumido
410;06213892000195;CARLOS ALVES DA SILVA LANCHONETE;Lucro Presumido
417;07230090000156;CAROLINA GAVIOLI REPRESENTACOES COMERCIAIS DE MEDI;Lucro Presumido
419;29538593000126;CASA DE ACOLHIDA SANTA RITA DE CASSIA - VILA SOLIDARIA;Imunes
421;07630365000149;CAST COMERCIO DE BRINDES LTDA;Lucro Presumido
422;41092671000107;CATU ASSESSORIA LTDA;Lucro Presumido
426;17357197000113;CENTRO DE EMAGRECIMENTO KS LTDA - ME;Lucro Presumido
433;05777031000177;CHRISALLE SERVICOS DE AVALIACAO DE IMOVEIS URBANOS;Lucro Presumido
448;13523641000172;CLAUDIO PEDRO DE LIMA TRANSPORTES;Lucro Presumido
459;17878136000100;JOSENILTON SANTOS CONCEICAO 70215120582;Lucro Presumido
466;16501766000190;COMISSÃO PROVISÓRIA DO PARTIDO VERDE - PV - VALINHOS - SP - NOSSA A PARTIR DE 28/08/2020;Imunes
467;38305754000122;COMUNIDADE EVANGELICA GERAÇÃO DE DEUS - DATA DE ABERTURA 06/08/2020;Imunes
470;38831799000130;COMUNIDADE EVANGELICA HERDEIROS DE DEUS - DATA DE ABERTURA 31/08/2020;Imunes
471;42717737000170;COMUNIDADE FILANTROPICA FOCO FRATERNO - DATA ABERTURA EM 27/05/2021 NOSSA A PARTIR DE 21/07/2021;Isentas
476;01896036000168;CONCREX CONCRETO LIMITADA;Lucro Presumido
479;08186121000181;CONCREX FOMENTO MERCANTIL LIMITADA - ME;Lucro Real
482;44947935000155;CONCREX INDUSTRIA E COMERCIO DE ARTEFATOS DE CIMEN;Lucro Presumido
483;16861356000150;OTAVIO MAGALHAES MIRANDA 08460392813;Lucro Presumido
500;36663080000102;CV2 PARTICIPACOES LTDA;Lucro Presumido
520;28153897000102;DENIS MOREIRA PIMENTA 49867433840;Lucro Presumido
521;21341117000109;DENIS WILLIAN NASCIMENTO DA SILVA 35020066877;Lucro Presumido
530;53242814000107;DOM NERY AUTOMOVEIS LTDA;Lucro Presumido
531;19405684000130;DORVAIR GOMES DOS SANTOS 04589132869;Lucro Presumido
536;04281784000124;DULUCA COMERCIO DE MADEIRAS LTDA ME;Lucro Presumido
538;02718395000198;E P SERVICOS ADMINISTRATIVOS LTDA;Lucro Presumido
542;01169018000184;E. R. RIBEIRO LTDA;Lucro Presumido
565;18653129000164;ELETRONICA SANTA RITA LTDA;Lucro Presumido
579;05280311000175;ENGDATA TECNOLOGIA E AUTOMACAO LTDA;Lucro Presumido
583;11463410000195;ERIKA BERTELLI MARINELLO MATTIAZZO - ME;Lucro Presumido
598;28812834000110;F. FERREIRA SERVICOS ADMINISTRATIVOS LTDA;Lucro Presumido
612;13238113000171;FEVARI COMERCIO VAREJISTA DO VESTUARIO LTDA;Lucro Presumido
617;24374930000173;FORUM DAS ENTIDADES ASSISTENCIAS DE VALINHOS - FEAV;Imunes
643;28946555000140;GAPIERRE PARTICIPACOES LTDA;Lucro Presumido
645;29521110000180;GEMINI PARTICIPACOES LTDA;Lucro Presumido
666;04238645000118;GRUPO ESCOTEIRO VALINHOS N. 252;Isentas
667;22569333000179;GS ANHOLON REPRESENTACOES LTDA;Lucro Presumido
675;10921281000179;HITEC DESENVOLVIMENTO DE PROGRAMAS LTDA;Lucro Presumido
679;20637631000123;IGREJA DE DEUS NO BRASIL - RESIDENCIAL SAO LUIZ, VALINHOS - SP;Imunes
680;08454889000199;IGREJA EVANGELICA PENTECOSTAL BETEL;Imunes
681;27112511000151;IGREJA PROJETO DE DEUS;Imunes
682;03962948000116;IGREJA REMANESCENTE DUALISTA DOS PRIMOGENITOS;Imunes
683;37751009000144;IMPACTUS SOLUCOES DE ALTA PERFORMANCE LTDA;Lucro Presumido
684;27179905000127;INCENTIVA MAIS CIDADAO;Isentas
686;21780786000187;INSTITUTO GRAVA GRUPO DE APOIO A VIDA E AO AMBIENTE;Isentas
687;45985132000158;IRMAOS ANGELI LTDA ;Lucro Presumido
701;40614963000108;WISE SALES LTDA;Lucro Presumido
705;14348705000109;WILSON RODRIGO CARDOSO VICENTE 34171328861;Lucro Presumido
718;14462259000169;JAIR RIBEIRO 24981890842;Lucro Presumido
732;22417649000145;JESUS LOPES CONSTRUCOES LTDA - ME;Lucro Presumido
741;11736878000106;VSN DO BRASIL INFORMATICA LTDA;Lucro Presumido
746;37190945000123;VIRALATA VIRACASA;Isentas
753;13132391000140;JOSE ALDRIERISON PEREIRA DE MELO;Lucro Presumido
756;31725412000112;VILAREJO CONCORDIA ADMINISTRACAO DE BENS PROPRIOS ;Lucro Presumido
763;36182860000130;VANIA TAROT GERENCIAMENTO E ADMINISTRACAO DE BENS ;Lucro Presumido
772;12617373000195;JOSE CARLOS COLOMBO DOS SANTOS FILHO 28462619890;Lucro Presumido
780;42566175000100;VA EMPREENDIMENTOS IMOBILIARIOS SPE LTDA;Lucro Presumido
781;27562302000100;V 8 II BARBEARIA LTDA;Lucro Presumido
783;39793299000114;URSO CAPELLATO SOCIEDADE INDIVIDUAL DE ADVOCACIA;Lucro Presumido
789;07780266000143;TTS REPRESENTACAO COMERCIAL LTDA - ME;Lucro Presumido
792;19733612000111;JOSEFA CASSIA MAGALHAES SILVA SANTOS 02742911421;Lucro Presumido
795;44836963000103;TRANSPLAC TRANSPORTES RODOVIARIOS LTDA;Lucro Presumido
801;09419407000122;TONIATTI SERVICOS ADMINISTRATIVOS LTDA;Lucro Presumido
803;17342559000100;JR & BORIN LTDA - EPP;Lucro Presumido
806;07972825000117;JRV EMPREENDIMENTOS IMOBILIARIOS E PARTICIPACOES L;Lucro Presumido
810;01816970000122;THIPOS SOLUCOES EM DOCUMENTACOES EIRELI;Lucro Presumido
821;10388787000164;TERINI REPRESENTACOES LTDA - ME;Lucro Presumido
822;26217564000174;TEMPLO DE UMBANDA CASA DE ARUANDA;Imunes
824;15455886000135;K B S DE ALMEIDA TRANSPORTES;Lucro Presumido
832;19165178000110;TATIANA DE JESUS NATALINO DE SOUZA 29866068811;Lucro Presumido
861;03533749000192;KOPPE GASTRONOMIA LTDA;Lucro Presumido
869;21781564000189;L. ALVES PEREIRA;Lucro Presumido
875;08172712000108;MILLA SERVICOS LTDA;Lucro Presumido
876;58881301000151;SILVIA APARECIDA GUIZANI DE SOUZA;Lucro Presumido
880;33318291000110;SILK SKIN COSMETICOS LTDA;Lucro Presumido
883;11168365000146;LANCE MMA APOIO ADMINISTRATIVO EIRELI;Lucro Presumido
901;11988009000179;SERGIO HENRIQUE ALVES DOS SANTOS 35127687844;Lucro Presumido
904;54668454000164;SERESC EDITORA LTDA - ME;Lucro Presumido
910;04547241000106;SEIS +1CIA. DE DANCA;Isentas
920;24419464000103;SALES PARTICIPACOES LIMITADA;Lucro Presumido
921;23113180000113;S.G. SERVICOS ADMINISTRATIVOS LTDA;Lucro Presumido
922;03573320000129;S. POINT CONSULTORIA LTDA;Lucro Presumido
924;28336562000120;S. M. BERTO DA SILVA;Lucro Presumido
926;02533996000126;S. C. A. ARTIGOS DE PAPELARIA LTDA;Lucro Presumido
928;23414217000143;LIMA PARTICIPACOES LTDA;Lucro Presumido
932;06346636000176;RS3 CONSTRUCOES LTDA;Lucro Presumido
937;46237475000105;LOJA MACONICA INCONFIDENCIA TERCEIRO MILENIO;Isentas
947;03147249000112;RONDINELLI RIBEIRO CONSULTORIA E ASSESSORIA EM ENG;Lucro Presumido
959;02816290000171;ROBINSON DONIZETI CASTELLANI;Lucro Presumido
969;27848338000154;RICARDO IGNACIO JUNIOR 43029527840;Lucro Presumido
973;04928374000122;RESIMED CONSULTA MEDICA LTDA;Lucro Presumido
977;35919630000149;LR7 MONTAGENS E ESTANDES LIMITADA;Lucro Presumido
983;00709385000160;LT&M PROPAGANDA E PROMOCAO S/C LTDA - ME;Lucro Presumido
1004;04077325000123;QUEMEL & CARDOSO LTDA - ME;Lucro Presumido
1014;13163754000104;PODEMOS - VALINHOS - SP - MUNICIPAL - ANTIGA: PARTIDO TRABALHISTA NACIONAL - CONF. E-MAIL EM 25/09/2020;Imunes
1018;07674290000106;PETRUS SERVICOS ADMINISTRATIVOS LTDA;Lucro Presumido
1019;56309230000191;PEREIRA REPRESENTACOES COMERCIAIS LTDA.;Lucro Presumido
1039;13211975000100;PARTIDO DEMOCRÁTICO TRABALHISTA - VALINHOS - SP - MUNICIPAL ( ANTIGO: PARTIDO DEMOCRATICO TRABALHISTA);Imunes
1041;04351916000147;PANIFICADORA FORNO DE OURO LTDA - ME;Lucro Presumido
1075;09094177000179;MVL SUPERMERCADO LTDA;Lucro Presumido
1076;21241759000136;MV2 PARTICIPACOES LTDA;Lucro Presumido
1080;59010744000130;MOVIMENTO DEMOCRATICO BRASILEIRO - VALINHOS - SP - MUNICIPAL;Imunes
1088;06346379000172;M.A.SEIXAS;Lucro Presumido
1094;14334141000155;M. MARQUES SERVICOS ADMINISTRATIVOS LTDA;Lucro Presumido
1096;18496811000190;MELIAS PARTICIPACOES LTDA;Lucro Presumido
1097;42536114000109;MAB SERVICOS ADMINISTRATIVOS LTDA;Lucro Presumido
1116;12116884000123;MARQUES ALVES CONSTRUCAO CIVIL LTDA - ME;Lucro Presumido
1138;14332757000197;MARCOS DOS SANTOS ROSA 21302701827;Lucro Presumido
1161;96173422000138;MARIA CLARA LADEIRA SCRICO;Lucro Presumido
1167;07613479000180;INOVA INDUSTRIA E COMERCIO DE EMBALAGENS LTDA;Lucro Presumido
1169;42161593000118;EVALT SERVICOS ADMINISTRATIVOS LTDA;Lucro Presumido
1189;14680600000152;ABRM CONSULTORIA EMPRESARIAL LTDA;Lucro Presumido
1193;06136322000149;ACAO FORTE;Imunes
1194;19002553000101;ACCELERARE DESENVOLVIMENTO E LICENCIAMENTO DE PROG;Lucro Presumido
1196;29400088000110;ACOCRED FOMENTO MERCANTIL LTDA;Lucro Real
1197;05359515000104;AC-TEC TECNOLOGIA EM CONTROLE DE ACESSO E IDENTIFI;Lucro Presumido
1202;03804413000117;ADEMIR MACHARETH SCHUINDT;Lucro Presumido
1207;02901753000101;AGILISE COSMETICOS INDUSTRIA E COMERCIO LTDA;Lucro Presumido
1210;35919675000113;AGT ASSESSORIA GERENCIAL E TECNICA LTDA;Lucro Presumido
1227;07295427000103;AMARAL COMERCIO DE AR CONDICIONADO LTDA;Lucro Presumido
1228;05634377000116;ASSISTEC ARTIGOS PARA PISCINAS E MANUTENCAO LIMITA;Lucro Presumido
1230;04609865000100;CAMAYA INVESTIMENTOS LTDA;Lucro Presumido
1241;09371245000108;ALUTON USINAGEM DE PRECISAO LTDA ;Lucro Presumido
1244;14699678000119;AMLABS LTDA;Lucro Presumido
1247;29796028000169;ANA CARLA ROTELLA;Lucro Presumido
1251;22501532000145;J. M. DA SILVA REPRESENTACAO LTDA;Lucro Presumido
1265;26096213000152;ANTONIO GOMES DROGARIAS LTDA;Lucro Presumido
1267;01754742000175;ANTONIO GOUVEA FILHO;Lucro Presumido
1272;10465450000103;ARAMIS ANTONIO CABRAL DOMONT;Lucro Presumido
1275;11633691000187;AREA 19 TELECOMUNICACOES LTDA;Lucro Presumido
1287;10510269000171;ASSIS GOMES & TEIXEIRA LTDA;Lucro Presumido
1289;44636637000144;ASSOCIACAO COMERCIAL E INDUSTRIAL DE VALINHOS;Isentas
1290;05332435000157;ASSOCIACAO CULTURAL EDUCACIONAL SOCIAL E ASSISTENCIAL CAPUAVA;Isentas
1291;07735015000147;ASSOCIACAO DAS ENTIDADES DE ASSISTENCIA E SERVICOS DE UTILIDADE COMUNITARIA DE VALINHOS INTEGRANTES DA FESTA DO FIGO E EXPO GOIABA;Isentas
1293;11272198000189;ASSOCIACAO DE PAIS E MESTRES DA EMEB DOUTORA YRMA DE ANDRADE FIORI;Isentas
1294;11272149000146;ASSOCIACAO DE PAIS E MESTRES DA EMEB PROFESSORA LELIA FRANCO BUENO LEME;Isentas
1297;58390501000101;ASSOCIACAO DOS JUIZES CLASSISTAS APOSENTADOS E PENSIONISTAS DA JUSTICA DO TRABALHO DA 15ª REGIAO;Isentas
1300;17171468000141;ATT - ATTENTIVE CENTER CLINICA DE ULTRASSONOGRAFIA;Lucro Presumido
1306;04920729000137;AUTO POSTO DAMIZADE LIMITADA;Lucro Real
1308;03844562000100;AVAL - TEC ENGENHARIA E SEGURANCA DO TRABALHO LTDA;Lucro Presumido
1309;10389213000100;AVALIATIVA GESTAO DE INFORMACOES EDUCACIONAIS LTDA;Lucro Presumido
1310;08252139000134;AVP Q6 - EMPREENDIMENTOS E PARTICIPACOES LTDA;Lucro Presumido
1326;36059884000105;BASTOS SERVICOS ADMINISTRATIVOS LTDA;Lucro Presumido
1332;32027122000168;BEN STAR COMERCIO DE COSMETICOS LTDA ;Lucro Real
1334;08090632000103;BENGTSON TECNOLOGIA DA INFORMACAO LTDA;Lucro Presumido
1340;32263991000191;BIACINO CONSULTORIA E ATIVIDADES IMOBILIARIAS LTDA;Lucro Presumido
1341;28804415000137;BIANCHI ADMINISTRACAO DE BENS LTDA;Lucro Presumido
1343;00416442000113;BIHOLUX SOLUCOES AMBIENTAIS LTDA;Lucro Presumido
1346;23269851000130;BIO GE CONSULTORIA EM MEIO AMBIENTE LTDA;Lucro Presumido
1352;20591266000163;BOM MESTRE CENTRO DE TRATAMENTO PARA DEPENDENTES D;Lucro Presumido
1353;09575279000106;BOMVAC COMERCIO E SERVICOS LTDA;Lucro Presumido
1361;14450504000118;BRASILFRIGO PECAS E EQUIPAMENTOS LTDA;Lucro Presumido
1364;02817329000175;STEFANE COMERCIO DE PESCADOS LTDA;Lucro Presumido
1384;57843476000101;COMBASE USINAGEM DE PRECISAO LTDA;Lucro Presumido
1385;51922235000171;ASSOCIACAO DE JUDO TRAJANO CENTER ARTES MARCIAIS;Isentas
1387;37318369000157;E. E. ANTUNES LTDA;Lucro Presumido
1395;36731167000170;HUMANALYSIS DESENVOLVIMENTO HUMANO LTDA;Lucro Presumido
1396;09355443000170;IMAGGINE COMUNICACAO COMERCIO ARTIGOS PROMOCIONAIS;Lucro Presumido
1398;22601240000184;LIFE PREV CORRETORA DE SEGUROS LTDA;Lucro Presumido
1403;08401560000160;PREBIANCHI TRANSPORTES LIMITADA;Lucro Presumido
1404;39487944000170;RED FUTURE DECOR LTDA;Lucro Presumido
1407;33179160000107;SUSHI HOME VALINHOS CULINARIA ORIENTAL LTDA;Lucro Presumido
1439;43685405000113;JT PARTICIPACOES E CONSULTORIA LTDA;Lucro Presumido
1448;36686066000124;RAPIDO VINHEDOS TRANSPORTES LTDA;Lucro Real
1449;19318436000151;CSS MONTAGENS DE ISOLAMENTO TERMICO LTDA;Lucro Presumido
1458;43740797000176;SYNERGIA GESTAO PATRIMONIAL LTDA;Lucro Presumido
1478;10703382000173;XADREZ REGIONAL ORGANIZACAO DE EVENTOS ESPORTIVOS ;Lucro Presumido
1485;93379121000177;EVO COMERCIO E REPRESENTACAO LTDA;Lucro Presumido
1487;44636892000197;CLAIDE INDUSTRIA E COMERCIO DE ARTEFATOS DE METAIS;Lucro Presumido
1495;53500476000158;ESCOLA PEQUENO MIOSOTIS;Lucro Presumido
1500;43857223000182;ACTION SUPLEMENTOS LTDA;Lucro Presumido
1522;01921183000140;JOSE XAVIER CARDOSO MATERIAIS - ME;Lucro Presumido
1528;02960131000146;CENTRO DE ORIENTACAO HUMANA E CRISTA SANTA RITA DE CASSIA;Imunes
1529;16384461000145;CONSELHO PARTICULAR SAO LUIZ GONZAGA DA SOCIEDADE DE SAO VICENTE DE PAULO DE VALINHOS;Isentas
1530;73077604000100;INSTITUTO ESPERANCA;Imunes
1533;44637601000185;RECANTO DOS VELHINHOS DE VALINHOS;Imunes
1535;43471212000160;MALAVAZI & PIAIA EMPREENDIMENTO IMOBILIARIO SPE LT;Lucro Presumido
1543;00221616000192;COLOMAQ COMERCIO E LOCACAO DE MAQUINAS LTDA;Lucro Presumido
1545;09303818000158;DATA CENTER SERVICES LTDA;Lucro Presumido
1546;52755899000156;FERNANDO DE CAMARGO FAGUNDES;Lucro Presumido
1547;67372599000165;HELIA DELLA LIBERA - ME;Lucro Presumido
1551;48201156000167;IBEC INDUSTRIA BASICA DE EQUIPAMENTOS P CERAMICA L;Lucro Presumido
1553;25038105000160;TORREZIN COMERCIO DE VINHOS LTDA;Lucro Presumido
1555;20425563000139;LUIS M. CARVALHO PINA - ME;Lucro Presumido
1557;01849585000181;MANTUANELLI E BERTACIN GRAFICA JUNDIAI LTDA;Lucro Presumido
1560;12835935000177;MARCIA MARIA DOS SANTOS RIBEIRO 41261030826;Lucro Presumido
1568;14185140000196;TUBOTAC ANDAIMES E EQUIPAMENTOS PARA CONSTRUCAO CI;Lucro Presumido
1571;10802744000183;MASTER CABO TELECOMUNICACOES LIMITADA;Lucro Presumido
1575;02152473000130;WF CANDIDA COMERCIO E SERVICOS AUTOM. LTDA - ME;Lucro Presumido
1576;02730812000118;WF ARARAS COMERCIO E SERVICOS AUTOM. LTDA - ME;Lucro Presumido
1577;05725555000114;R F M COMERCIO E SERVICOS AUTOMOTIVOS LTDA.;Lucro Presumido
1578;24200756000142;ROBERTO TADEU FRATARI - ME;Lucro Presumido
1583;11059190000139;THIAGO T. SIKOTA - ME;Lucro Presumido
1586;12374498000131;NELCI GAZARINI REBECCHI ALVES BAR - ME;Lucro Presumido
1592;03837593000133;IVANI MARCIA DA SILVA;Lucro Presumido
1597;47630991000150;CAMARGO FAGUNDES & CIA LTDA ME;Lucro Presumido
1601;15126888000180;TORNIZIELLO E VECHINI CONSULTORIA E ENGENHARIA LTD;Lucro Presumido
1602;08179912000184;PITON E IRMAO LIMITADA;Lucro Presumido
1606;59575332000147;MARTINS E MARANA PRODUCOES S/C LTDA - ME;Lucro Presumido
1608;00253114000143;FACIGRAF ARTES GRAFICAS LTDA;Lucro Presumido
1613;08237279000133;T.P.J.C REPRESENTACAO COMERCIAL LIMITADA - EPP;Lucro Presumido
1614;06536576000154;EVAPOTEC CLIMATIZADORES LTDA;Lucro Presumido
1616;00680511000100;MAANAIM CORRETORA DE SEGUROS & CONSULTORIA DE INFO;Lucro Presumido
1617;07104918000120;NOVA MAANAIM CORRETORA DE SEGUROS LTDA - ME;Lucro Presumido
1618;50047893000107;IMOBILIARIA SAO FELIPE LTDA;Lucro Presumido
1624;60325248000154;VALDEMAR RIBEIRO DOS SANTOS VALINHOS - ME;Lucro Presumido
1630;63022644000109;DELBEL & CONTI LTDA;Lucro Presumido
1631;57697120000107;LUIZ ANTONIO DELBEL;Lucro Presumido
1633;02739825000158;VALISAT ATIVACAO DE REDE DE TV A CABO LTDA;Lucro Presumido
1658;43934152000174;APM DA EMEB PROFª DIRCE ANTONIO - DATA DE ABERTURA EM 23/09/2021 - DATA CADASTRO AE 05/11/2021;Isentas
1659;44064675000170;FRANCINE NASCIMENTO BATISTA SOCIEDADE INDIVIDUAL D;Lucro Presumido
1675;10659425000160;HITEC SERVICOS DE AUTOMACAO INDUSTRIAL LTDA;Lucro Presumido
1688;02894995000107;TANAKAO PET SHOP PRODUTOS AGROPECUARIOS LTDA;Lucro Real
1693;04911191000102;XEROGRAFIA INFORMATICA LTDA;Lucro Presumido
1699;09242270000183;PRECCISA COMUNICACAO VISUAL LIMITADA;Lucro Presumido
1722;22563436000121;NR SERVICOS MEDICOS SS LTDA;Lucro Presumido
1731;02310481000167;DRUCK CHEMIE BRASIL LTDA;Lucro Real
1732;05660278000109;JOLUMAX ORGANIZACAO DO TRABALHO LIMITADA;Lucro Presumido
1736;09398995000165;CASA BELA REVESTIMENTOS LIMITADA;Lucro Presumido
1737;06250473000123;ENDRIO VEICULOS LTDA;Lucro Presumido
1738;06237672000100;FTCH ENGENHARIA CIVIL LIMITADA;Lucro Presumido
1739;11265221000108;BUONA PIZZA-DELIVERY LTDA;Lucro Presumido
1742;08249022000100;JK SERVICOS TERCEIRIZADOS LTDA;Lucro Presumido
1759;02621434000134;MARLENE BLUMENTHAL SAEKI;Lucro Presumido
1781;29930463000134;MARCHEZAN LOG LTDA;Lucro Presumido
1782;06048328000164;NOVA - NUCLEO DE ORTOPEDIA VALINHOS LIMITADA;Lucro Real
1798;44213553000106;PADARIA NOVA ESPIRITO SANTO LTDA;Lucro Presumido
1808;08992514000182;INTROPEDI PRESTACAO DE SERVICOS E COBRANCA LTDA;Lucro Real
1814;09537159000114;NCO INDUSTRIA E COMERCIO DE METALICOS LTDA;Lucro Presumido
1815;07574844000195;ENECXEL COMERCIO DE MATERIAIS ELETRICOS LTDA;Lucro Presumido
1820;26128693000196;TIRRENO FINANCAS E NEGOCIOS LTDA;Lucro Presumido
1824;02026752000157;EXPRESSO LINE LOCACAO DE AUTOMOVEIS VALINHOS LTDA;Lucro Presumido
1829;54672191000167;S S REPRESENTACOES MERCANTIS LTDA;Lucro Presumido
1830;33148648000169;DIVINA MARMITA LTDA;Lucro Presumido
1831;33431304000162;UNIVALI DISTRIBUIDORA E COMERCIO LTDA;Lucro Presumido
1833;07571785000100;ZAGO CALHAS LIMITADA;Lucro Presumido
1836;10382324000195;MARCOS PAULO BRAGATO;Lucro Presumido
1846;23843607000139;NOBREGA & ASSOCIADOS MEDICINA S/S LTDA;Lucro Presumido
1849;32922821000171;KANSAS BARBECUE LTDA;Lucro Presumido
1851;10468170000159;M. R. THEODORO REPRESENTACOES COMERCIAIS;Lucro Presumido
1855;02334529000177;GESTOCK LOGISTICA LTDA;Lucro Presumido
1856;33899115000119;FREDERIK HENDRIK ANTONIUS GEUER;Lucro Presumido
1858;02120773000137;INSTRUCAMP INSTRUMENTOS DE MEDICAO LTDA;Lucro Real
1860;07787604000179;TRAFFOS SERVICOS ADMINISTRATIVOS LTDA;Lucro Presumido
1861;68451483000184;GESTOCK GERENCIAMENTO DE BENS LIMITADA;Lucro Presumido
1872;17765036000169;RL ILUMINACAO LTDA;Lucro Presumido
1879;14908342000119;MARCOS PAULO CARIOCA 12067117874;Lucro Presumido
1906;74262981000181;IRINEU MARTINS REPRESENTACOES LTDA;Lucro Presumido
1911;04449995000123;TECNOSERVICE TECNOLOGIA EM SERVICOS LTDA;Lucro Real
1915;17747358000185;SS MERCADO LTDA;Lucro Real
1916;31203627000173;POWER EMPRESARIAL DISTRIBUIDORA DE PNEUS E IMPORTA;Lucro Real
1925;26374495000102;RIVIERA GOURMET DIGITAL LTDA;Lucro Presumido
1926;30010265000131;SOLU ADMINISTRACAO DE BENS LTDA;Lucro Presumido
1930;14551203000180;EZEQUIEL SENA BEZERRA ;Lucro Presumido
1933;31621201000130;CHAGAS & RANZANI CHAGAS LTDA;Lucro Presumido
1946;11819449000100;HORTIFRUTI KANESHI LTDA;Lucro Presumido
1949;71679195000196;DAMIAO PEREIRA DA SILVA GEMEO;Lucro Presumido
1952;13446999000149;ELISEU GUIMARAES SOUZA;Lucro Presumido
1954;20026029000150;AEDL DIGITACAO LTDA;Lucro Presumido
1959;07662528000175;HELENA SILVA RIBEIRO ALVES;Lucro Real
1975;01377032000173;MEGAARC INDUSTRIAL, SOLDAGEM E SEGURANCA LTDA;Lucro Presumido
1979;13173248000104;RAIMUNDO REGINALDO NUNES DE OLIVEIRA;Lucro Presumido
1985;32143564000170;UNICA SERVICOS ADMINISTRATIVOS LTDA;Lucro Real
1986;32116240000142;CONNECTION PARTICIPACOES LTDA;Lucro Presumido
1995;19235031000150;GPB SERVICOS DE PSICOLOGIA LTDA;Lucro Presumido
1997;14766681000108;LG SERVICOS DE INSTALACOES E MONTAGENS LTDA;Lucro Presumido
1999;08884847000198;VRI NEGOCIOS E PARTICIPACOES LTDA;Lucro Presumido
2000;18876056000170;C. FABIANO PARTICIPACOES LTDA;Lucro Presumido
2011;33979330000120;LIQUOS AMBIENTAL EQUIPAMENTOS E SISTEMAS PARA SANE;Lucro Real
2016;24310270000167;QUALINOX MONTAGEM E MANUTENCAO INDUSTRIAL LTDA;Lucro Presumido
2024;24700887000199;C. M. F. ESPINDOLA SERVICOS ADMINISTRATIVOS LTDA;Lucro Presumido
2030;21614021000177;PHEL PARTICIPACOES LIMITADA;Lucro Presumido
2040;06915320000158;ODETALLI REPRESENTACOES LTDA;Lucro Presumido
2041;05015368000147;TRANSVIVA TRANSPORTES DE VALINHOS LTDA;Lucro Real
2047;81717035000148;GUARUJA EQUIPAMENTOS PARA SANEAMENTO LTDA.;Lucro Real
2053;16888447000189;PRIVATE COSMETICOS LTDA;Lucro Presumido
2061;15200841000110;JUSCELINO JUNIOR SANTOS BEZERRA 31128472880;Lucro Presumido
2066;36496473000179;NOVA IT SOLUCOES E SERVICOS ADMINISTRATIVOS LIMITA;Lucro Presumido
2067;12352344000149;L B REFLETIVOS INDUSTRIA E COMERCIO LTDA;Lucro Presumido
2071;14763956000150;FH MONTAGEM E MANUTENCAO INDUSTRIAL LTDA;Lucro Presumido
2076;12197211000145;J. C. LOUREIRO NEGOCIOS LTDA;Lucro Presumido
2079;07075580000125;S & T SISTEMAS DE AUTOMACAO INDUSTRIAL LTDA;Lucro Presumido
2082;27391046000135;GWA WATER SISTEMAS E EQUIPAMENTOS PARA SANEAMENTO ;Lucro Presumido
2084;09633289000150;EASEMED APARELHOS HOSPITALARES LIMITADA;Lucro Presumido
2093;19694052000133;DRIMASA ADMINISTRACAO DE BENS LTDA;Lucro Presumido
2097;10721486000100;POSTE PADRAO PRONTO VALINHOS LTDA;Lucro Presumido
2104;25242137000183;TONUTRI BRASIL LTDA;Lucro Presumido
2113;40693114000189;KONTENA COZINHA JAPONESA LTDA;Lucro Presumido
2127;17436255000102;M. BESSA DOS SANTOS REPRESENTACOES;Lucro Presumido
2136;15623892000154;CONCREMAX CONCRETEIRA LTDA;Lucro Real
2140;22659669000122;ORM COMERCIO DE ALIMENTOS LTDA;Lucro Presumido
2141;35764278000110;ROCHEDO ELETRICIDADE LTDA;Lucro Presumido
2149;00839113000185;E L ZORDAN REPRESENTACOES COMERCIAIS LTDA;Lucro Presumido
2152;03833429000158;J.P.A. REPRESENTACOES LTDA;Lucro Presumido
2153;08221702000107;INSTITUTO DE SAUDE INTEGRADA ;Imunes
2154;53433223000109;PERSOAP INDUSTRIA E COMERCIO DE COSMETICOS LTDA;Lucro Presumido
2161;33226768000137;MARCIO RIBEIRO DA SILVA FILHO LTDA;Lucro Presumido
2162;08308555000107;INSTITUTO BIOPHYTIS DO BRASIL SERVICOS, COMERCIO, ;Lucro Real
2172;14603261000100;BUCHI BRASIL LTDA;Lucro Real
2184;01608071000134;GOMES DA SILVA PROMOCAO DE VENDAS LTDA;Lucro Real
2188;28353492000118;DROGARIA FARMA TOP LTDA;Lucro Presumido
2208;11461228000103;VAL COMERCIO DE SALGADOS LIMITADA;Lucro Presumido
2209;13386929000142;INNOVATE TECHNOLOGIES DO BRASIL MAQUINAS E FERRAME;Lucro Real
2210;13296548000172;STYROTECH INDUSTRIA E COMERCIO DE EPS LTDA;Lucro Real
2217;11218991000108;PHILOS GLOBAL SERVICES LTDA;Lucro Presumido
2221;20089999000102;VITA PET FABRICACAO DE PRODUTOS ALIMENTICIOS PARA ;Lucro Presumido
2223;13535765000178;SSI EQUIPAMENTOS INDUSTRIAIS LIMITADA;Lucro Presumido
2226;20902584000106;ORTR METALURGICA LTDA;Lucro Presumido
2228;13771257000199;CLINICA MEDICA MANENTE LIMITADA;Lucro Presumido
2231;07447368000141;FUTURE HOME DECOR LTDA;Lucro Presumido
2233;19964951000109;L. FERNANDES VIEIRA STEFANI;Lucro Presumido
2238;43290980000117;CAMPAL FRUTAS E LEGUMES LTDA;Lucro Presumido
2255;16979609000194;L. B. C. FOMENTO MERCANTIL LTDA;Lucro Real
2256;37976133000108;MONTE VERDE PANIFICADORA E CONFEITARIA LTDA;Lucro Presumido
2263;72819089000123;S. SABAS LOCADORA DE VEICULOS LTDA;Lucro Real
2268;05614988000100;SANNE - METALS COMERCIO DE FERRAMENTAS E REPRESENT;Lucro Presumido
2274;31602544000157;DUNI SERVICOS ADMINISTRATIVOS LTDA;Lucro Presumido
2281;14740950000167;SOLGRAPHICS SOLUCOES GRAFICAS LTDA;Lucro Presumido
2287;14724487000160;MAIA & CAMPANA SERVICOS MEDICOS LIMITADA;Lucro Presumido
2292;29234768000101;CSF PARTICIPACOES LTDA;Lucro Presumido
2294;29112317000100;TERCEIRIZA COSMETICOS LTDA;Lucro Presumido
2298;36609141000153;STG PISOS INTERTRAVADOS LTDA;Lucro Presumido
2299;29161423000175;CRISTIAN JURADO CORREA;Lucro Presumido
2321;26690655000122;DAVI QUEMEL CARDOSO COMERCIO DE VEICULOS;Lucro Presumido
2335;22087002000100;SOLEL ADMINISTRACAO DE BENS LTDA;Lucro Presumido
2353;19404491000164;J. B. FRANCO REPRESENTACOES;Lucro Presumido
2354;39669892000153;JAMIM HORTIFRUTI E EMPORIO LTDA;Lucro Presumido
2359;19013403000101;R.B GOMES COMERCIO E TREINAMENTO;Lucro Presumido
2367;19209893000108;MV2 SERVICOS DE PSICOLOGIA E MEDICO LTDA;Lucro Presumido
2384;29541374000104;REDE DE COMPRAS COMERCIO DIGITAL LTDA;Lucro Real
2386;13236756000186;LUKA INDUSTRIA E COMERCIO DE PLASTICOS LTDA;Lucro Real
2393;22481129000100;JULIO CEZAR VAZ PEDROZO;Lucro Presumido
2395;14915171000155;TRANSPORTADORA POLVORA & SILVEIRA LTDA;Lucro Presumido
2396;42112853000165;L. A. PEREIRA SERVICOS ADMINISTRATIVOS LTDA;Lucro Presumido
2398;26570616000191;CENTRO IMAGEM LOCACOES DE SALAS E ESPECIALIDADES M;Lucro Presumido
2399;30354077000120;GAL DESIGN E ACESSORIOS LTDA;Lucro Presumido
2400;30386897000102;M5L9 PARTICIPACOES LTDA;Lucro Presumido
2406;09505792000120;SIQUEIRA DOS SANTOS LTDA;Lucro Presumido
2409;18816807000162;CENTROMAQ MOTORES COMERCIO DE MAQUINAS LTDA;Lucro Presumido
2412;25159410000100;SIQUEIRA & SANTOS SERVICOS ADMINISTRATIVOS LTDA;Lucro Presumido
2439;24626465000110;STRAUSS DROVETTO FISIOTERAPIA S/S LTDA.;Lucro Presumido
2444;01039449000126;MARCELO NATAL COMERCIO DE MAQUINAS;Lucro Presumido
2476;47934948000188;FRATERNIDADE SAO JOAO DE JERUSALEM;Isentas
2477;51886810000128;ESPORTE CLUBE CASTELO;Isentas
2483;49411200000126;ASSOCIACAO SAO CRISTOVAO DE ESPORTES;Isentas
2485;05492870000149;IGREJA DO ESPIRITO SANTO;Imunes
2488;10990756000189;ASSOCIACAO DE PAIS E MESTRES DA E.M.E.I. TIO PEDRO BRANDINI;Isentas
2490;03900075000117;ASSOCIACAO FILANTROPICA DE APOIO A ENTIDADES BENEFICENTES PUBLICAS E PRIVADAS;Isentas
2500;13163723000153;PROGRESSISTAS - VALINHOS - SP - MUNICIPAL;Imunes
2501;15488382000111;PARTIDO RENOVADOR TRABALHISTA BRASILEIRO - VALINHOS - SP - MUNICIPAL;Imunes
2506;15200768000186;CAIO DA SILVA PERONICA;Lucro Presumido
2507;11458142000113;CLINICA DE ONCOLOGIA ONCOSAUDE LTDA;Lucro Presumido
2515;05192092000172;NOVA ATACADO IMPORTACAO E EXPORTACAO LTDA;Lucro Real
2527;48656375000130;JOLA MATERIAIS PARA CONSTRUCAO LTDA;Lucro Real
2536;06221095000150;PRIVATE COSMETICOS, INDUSTRIA E COMERCIO LTDA;Lucro Real
2543;34332021000126;JOSE ROBERTO BAPTISTA MENEGATTI;Lucro Presumido
2549;10769759000197;INSTITUTO HUMANITA DE SAUDE E ENSINO ESPECIALIZADO;Lucro Presumido
2557;03316575000106;MARIA APARECIDA PIERINI;Lucro Presumido
2561;11638790000151;IMEDIATO VALVULAS E CONEXOES LTDA;Lucro Presumido
2575;17521520000142;AVEP PARTICIPACOES LIMITADA;Lucro Presumido
2676;20959609000108;ACPR PARTICIPACOES LIMITADA;Lucro Presumido
2947;13576903000167;RPAV PARTICIPACOES LIMITADA;Lucro Presumido
2949;22115972000164;TALGUEZ EQUIP DE INFORM E MODUL LTDA EPP;Lucro Presumido
2953;23250724000199;LOCKPIPE DO BRASIL LTDA;Lucro Real
2978;09377019000126;ARCAS CONSULTORIA E GERENCIAMENTO INDUSTRIAL LTDA;Lucro Presumido
2983;71973176000178;BASESYSTEM COMERCIO DE EQUIPAMENTOS PARA INFORMATI;Lucro Presumido
2997;03711499000133;CLINICA DR. NEWTON ARCHANJO LTDA;Lucro Presumido
3000;67418947000198;COTRIM ORGANIZACAO DE DOCUMENTOS LTDA;Lucro Presumido
3001;00811577000183;D & A JUNDIAI PRODUTOS ALIMENTICIOS LTDA;Lucro Presumido
3005;15632485000103;DEOT ADMINISTRACAO DE BENS E PARTICIPACOES S/A;Lucro Presumido
3029;08968127000100;GALDINO SERVICOS DE PINTURA LTDA;Lucro Presumido
3030;24839885000185;GISELE DO AMARAL APOIO ADMINISTRATIVO;Lucro Presumido
3035;02446824000115;H C DE JUNDIAI PRODUTOS ALIMENTICIOS LTDA;Lucro Presumido
3037;30324077000188;HOLDING OLIVEIRA LTDA;Lucro Presumido
3041;60307642000160;INDUSTRIA MECANICA SOLEMAR LTDA;Lucro Presumido
3049;10230301000165;LARISSA CAMPOS MARIALVA;Lucro Presumido
3051;12793042000106;LEANDRO DOS SANTOS NASCIMENTO PINTURAS;Lucro Presumido
3071;71623888000167;M.L PRODUTOS ALIMENTICIOS LTDA;Lucro Presumido
3073;22958266000184;N&W HOLDING DE PARTICIPACOES LTDA.;Lucro Presumido
3078;00738128000157;OSESF - ORGANIZACAO SERVICO SOCIAL FAMILIAR DE JUN;Lucro Presumido
3086;54738638000153;PROVARE ALIMENTACAO LTDA;Lucro Presumido
3090;48339006000114;RAIMUNDA SAMPAIO REBOUCAS;Lucro Presumido
3109;23649851000165;TAHA ADMINISTRACAO PATRIMONIAL LTDA;Lucro Presumido
3110;11066188000197;TERTECH MANUTENCOES INDUSTRIAIS LTDA;Lucro Presumido
3114;15163155000116;VERONA MULTIMARCAS COMERCIO DE VEICULOS LTDA;Lucro Presumido
3117;59447680000139;VIRLEI IOTTI LTDA;Lucro Presumido
3118;50035583000164;VIVAN ADMINISTRADORA DE BENS LTDA;Lucro Presumido
3128;50980572000152;ASSOCIACAO ATLETICA BANCO DO BRASIL - NOSSA A PARTIR DE 22/12/2021;Isentas
3175;19345567000128;FLORA PROJETO VERDE LTDA;Lucro Presumido
3186;02975835000192;CARDIOIMAGEM - CENTRO DE DIAGNOSTICO E TERAPEUTICA;Lucro Presumido
3189;03212565000120;CETIP - CENTRO DE TERAPIA INTENSIVA PEDIATRICA LTD;Lucro Presumido
3190;00594868000167;CHERRY DOG BANHO E TOSA LTDA;Lucro Presumido
3192;19420487000190;DOLFINI SAUDE MENTAL LTDA;Lucro Presumido
3195;50105063000180;HESSI COMERCIO DE CARNES LTDA;Lucro Presumido
3197;44657054000108;INSTITUTO DE PATOLOGIA CARDOSO DE ALMEIDA LTDA;Lucro Presumido
3198;50888122000134;JPM EMPREENDIMENTOS E CONSTRUCOES LTDA;Lucro Presumido
3199;17208486000150;MP/SC SIQUEIRA - ADMINISTRADORA DE IMOVEIS LTDA;Lucro Presumido
3204;02079340000185;SIQUEIRA & CARBONARI LTDA;Lucro Presumido
3205;59034892000194;ALLAN SANTOS CONSULTORES ASSOCIADOS LTDA;Lucro Presumido
3210;12556584000165;TPZS EMPREENDIMENTOS IMOBILIARIOS LTDA;Lucro Presumido
3211;15584017000100;ROCHA & FREITAS CLIN. MED. ACUPUNTURA E HOMEOPATIA;Lucro Presumido
3212;48450750000191;INSTITUTO CULTURAL E EDUCACIONAL DIVINUS MAGISTER - NOSSA A PARTIR DE 01/12/2022;Imunes
3217;07380676000105;PACIFIC VISION PARTNERS ASSESSORIA E CONSULTORIA E;Lucro Presumido
3224;57690786000133;SOAPRI ADMINISTRACAO DE IMOVEIS LTDA;Lucro Presumido
3248;18987936000113;GHTASSO EMPREENDIMENTOS IMOBILIARIOS LTDA;Lucro Presumido
3279;49698774000127;LDN PARTICIPACOES LTDA;Lucro Presumido
3291;49792041000157;ALBERTINI & CORVINI LTDA;Lucro Presumido
3295;19452245000188;NATIVIVA DISTRIBUIDORA DE ALIMENTOS LTDA;Lucro Real
3311;50046301000124;CANNAVITA LTDA;Lucro Presumido
3373;12139950000180;USINAGEM MONTE GERIZIM LTDA;Lucro Presumido
3375;45771883000171;JKANESHI DISTRIBUIDORA DE HORTIFRUTI LTDA;Lucro Presumido
3411;04737034000114;VALTHERMO ENGENHARIA, SERVICOS E PRODUTOS LTDA;Lucro Presumido
3414;11052285000120;A & D COMERCIO DE FERRAGENS LTDA;Lucro Real
3424;13649156000140;CHRISTIAN DOUGLAS DE FRANCA 25453868805;Lucro Presumido
3436;46561340000192;GLAUCIA DE SOUZA NASCIMENTO SOCIEDADE INDIVIDUAL D;Lucro Presumido
3441;46625749000125;DELICIASBADARO LTDA;Lucro Presumido
3445;46678138000145;PIP SERVICOS DIAGNOSTICOS LTDA;Lucro Presumido
3478;39874638000197;LUCIANE J. A. PIRES DE CAMPOS;Lucro Presumido
3479;26156565000156;LUME NEFROLOGIA E DIALISE LTDA;Lucro Presumido
3480;29501992000112;ASSOCIACAO CRISTA ACOLHER CUIDAR ENSINAR E SERVIR - NOSSA A PARTIR DE 01/06/2022;Imunes
3482;14216358000160;MARCHEZAN TRANSPORTES RODOVIARIOS LTDA;Lucro Presumido
3524;96620968000190;STORM SAFETY INDUSTRIA DE TELECOMUNICACOES LTDA;Lucro Presumido
3540;17215220000135;V.J. SAYEG PARTICIPACOES LTDA.;Lucro Presumido
3566;47810045000195;FAVELA SURF LTDA;Lucro Presumido
3567;47865524000109;EDS SERVICOS COMBINADOS LTDA;Lucro Presumido
3585;48149320000134;SEO VEIGA COMERCIAL LTDA;Lucro Presumido
3592;59189506000133;GREGORIO S MATERIAIS PARA CONSTRUCAO LTDA;Lucro Presumido
3597;48284336000150;M. TRINDADE SERVICOS MEDICOS LTDA;Lucro Presumido
3611;10763033000147;REP PACK EMBALAGENS E SERVICOS LTDA;Lucro Presumido
3631;48536839000175;WORLD FRUIT COMERCIO E EXPORTACAO LTDA;Lucro Presumido
3642;48742402000198;MERAKI SOLUTION DISTRIBUICAO LTDA;Lucro Presumido
3653;48738619000124;BAG IN INDUSTRIA E COMERCIO DE EMBALAGENS LTDA;Lucro Presumido
3688;20982405000180;A.M. LIFE SERVICOS MEDICOS LTDA;Lucro Presumido
3689;11923942000168;A.R. CASTRO PEDIATRIA LTDA;Lucro Presumido
3694;13671915000170;VITTA SERVICOS MEDICOS LTDA;Lucro Presumido
3700;47070352000187;RTS SAUDE LTDA;Lucro Presumido
3703;27851080000145;D. G. F. FERNANDES FOMENTO;Lucro Real
3985;03952571000114;PARTIDO DA SOCIAL DEMOCRACIA BRASILEIRA - VALINHOS - SP - MUNICIPAL - NOSSA A PARTIR DE 01/06/2023;Imunes
4214;45458836000172;CLINICA CECI CENTRO ESPECIALIZADO NO CUIDADO DO ID;Lucro Presumido
4285;51178032000112;IGREJA MINISTERIO VIVER EM CRISTO - ABERTURA EM 26/06/2023;Imunes
4291;51167414000140;ASSOCIACAO BENEFICENTE ILE D OXUM YA PANDA - ABERTURA EM 23/06/2023;Isentas
4321;43909785000122;JOSE LUCIO DA FONSECA JUNIOR LTDA;Lucro Presumido
4356;48793658000124;INSTITUTO FRANCISCO DE ASSIS DE PROMOCAO HUMANA - NOSSA A PARTIR DE 01/08/2023 - ABERTURA EM 02/12/2022;Imunes
4607;51746803000120;PRIMEIRA IGREJA BATISTA DA LAGOINHA EM VALINHOS - NOSSA A PARTIR DE 09/08/2023 - ABERTURA EM 09/08/2023;Imunes
4757;51717819000105;IGREJA EVANGELICA ASSEMBLEIA DE DEUS FAMILIA RENOVADA - NOSSA A PARTIR DE 28/08/2023 - ABERTURA EM 07/08/2023;Imunes
4817;52082850000180;ATLAS FUND UP LTDA;Lucro Real
4819;39725938000104;VALPAR PARTICIPACOES LTDA;Lucro Presumido
4947;11457949000131;APM DA EMEB HELOISA DE CARVALHO CRISSIUMA - NOSSA A PARTIR DE 01/09/2023 - ABERTURA EM 03/12/2009;Isentas
4991;07635101000188;ECOTRAT SERVICO ADMINISTRATIVO LTDA;Lucro Presumido
4992;71691463000195;VECTORCONTROL INDUSTRIA E COMERCIO DE PRODUTOS AGR;Lucro Presumido
4997;00662966000194;PGM ADMINISTRACAO DE BENS E PARTICIPACOES S/A;Lucro Presumido
5036;10577394000107;MC MENDES SERVICOS MEDICOS S/S;Lucro Presumido
5038;32176549000128;INTERTHERAPY NEUROHABILITACAO INTENSIVA LTDA;Lucro Presumido
5148;41725315000183;DUTHI COMERCIO DE VEICULOS LTDA;Lucro Presumido
5223;18397263000141;PICERILLO BARBOSA CONSTRUCOES E TELECOM LTDA;Lucro Real
5226;07068585000120;DGA INDUSTRIA METALURGICA LTDA;Lucro Presumido
5261;53323238000114;AT REPRESENTACAO COMERCIAL LTDA;Lucro Presumido
5264;50959987000144;MALISHOW CANIL E CUIDADO LTDA;Lucro Presumido
5282;02367528000129;INSTITUTO DE BELEZA E COMERCIO DE COSMETICO LTDA;Lucro Presumido
5298;16628119000143;SOLIDO DESENHOS INDUSTRIAIS LTDA;Lucro Presumido
5334;51180394000148;AMAL - ALPHA EMPREENDIMENTO IMOBILIARIO SPE LTDA;Lucro Presumido
5437;10487458000170;COUTO & COUTO- COMERCIO E MANUTENCAO EM INFORMATIC;Lucro Presumido
5439;39566259000130;ASSOCIACAO VALE DAS FRUTAS CONVENTION VISITORS BUR;Isentas
5576;10942255000127;A. P. R. ASSOCIACAO DOS PRODUTORES RURAIS DE LOUVE;Isentas
5673;52551470000147;ZEBUCAMP COMERCIO DE HORTIFRUTIGRANJEIROS LTDA;Lucro Presumido
5682;55117642000167;BARAO TRANSPORTE E COMERCIO LTDA;Lucro Presumido
5694;54465147000186;SR PROJETOS E CONSULTORIA EM TI LTDA;Lucro Presumido
5696;54465735000110;FIVE SP PARTICIPACOES LTDA;Lucro Presumido
5730;17283387000133;CLAITON BESSA DOS SANTOS 26381335823;Lucro Presumido
5963;37577832000185;TORTORELLI FARMA LTDA;Lucro Presumido
5964;71875033000123;DROGA NOVA DE VALINHOS LTDA;Lucro Presumido
5965;02908476000150;ELIANE PEREIRA BOREGGIO - VALINHOS;Lucro Presumido
6233;48181424000126;CLUBE DE CAMPO VALE VERDE;Imunes
6293;20821497000116;MORIYAMA IMOVEIS LTDA;Lucro Presumido
6815;28235610000193;W. F. COMERCIO E REPRESENTACOES DE MEDICAMENTOS LT;Lucro Presumido
6817;44390221000199;ACADEMIA VALINHENSE DE LETRAS E ARTES;Isentas
6831;54081151000140;OKADA & OKADA LTDA;Lucro Presumido
6844;55603461000140;CARDIOLOGISTA DR. CIONGOLI LTDA;Lucro Presumido
6856;55628898000139;PIXCASH AUTOMACAO E TECNOLOGIA LTDA;Lucro Real
6857;16433669000107;PARTIDO SOCIAL DEMOCRATICO - VALINHOS - SP - MUNIC;Imunes
6887;55602024000102;GASPRESS SERVICES DO BRASIL LTDA;Lucro Real
6965;12550145000145;GREMIO RECREATIVO CULTURAL ESCOLA DE SAMBA ARCO-IR;Isentas
6978;37157550000129;2HEAL INDUSTRIA E COMERCIO DE PRODUTOS QUIMICOS PA;Lucro Presumido
7159;57007446000165;DIVINO ALVES DISTRIBUIDORA DE GAS LTDA;Lucro Real
7162;44637759000155;MECANICA VERRUCI LTDA;Lucro Presumido
#N/D;55121687000105;PARTIDO RENOVACAO DEMOCRATICA - VALINHOS - SP - MU;Imunes
#N/D;29957669000158;ALISUL ALIMENTOS DO SUL LTDA;Lucro Presumido
#N/D;45822764000109;TIJOLO TECNICO FABR E COM DE PRODS PARA CONSTRUCAO;Lucro Presumido
#N/D;66637257000167;NUNES & NUNES BAR E MERCEARIA DE VALINHOS LTDA - M;Lucro Presumido
#N/D;00691351000196;EGAS CONSULTORIA LTDA;Lucro Presumido
#N/D;20348164000111;PUMPS BRASIL LTDA;Lucro Presumido
#N/D;17721551000147;LUIZ AUGUSTO GALDINO 22153841828;Lucro Presumido
#N/D;62127246000186;AGUEDA DO CARMO DUARTE;Lucro Presumido
#N/D;02254958000134;ALL CLEAR INFORMATICA LTDA;Lucro Presumido
#N/D;26836608000144;JESSICA DEL PESO CUSTODIO;Lucro Presumido
#N/D;03071499000116;JOSE ROBERTO DOS SANTOS VALINHOS;Lucro Presumido
#N/D;69207322000102;LEILA DE CARVALHO;Lucro Presumido
#N/D;50969682000113;NORYOSHI TAKETOMY;Lucro Presumido
#N/D;96366489000199;PEDRO LUIS GONCALVES;Lucro Presumido
#N/D;64118706000135;PORTO VILARRUBLA IND E COMERCIO CONF E ACES LTDA;Lucro Presumido
#N/D;67784553000153;TOQUE LEVE COMERCIO E CONFECCAO LTDA;Lucro Presumido
#N/D;22557218000184;V. S. SOUZA MOVEIS PLANEJADOS;Lucro Presumido
#N/D;37067606000154;MARCO AURELIO AMADEU - TRANSPORTADORA;Lucro Presumido
#N/D;13723562000105;CARLOS EDUARDO MATTENHAUER;Lucro Presumido
#N/D;32104491000107;J S MOVEIS LTDA;Lucro Presumido
#N/D;15563546000128;STATUS AGENCY PROMOCOES E EVENTOS LTDA;Lucro Presumido
#N/D;15563546000209;STATUS AGENCY PROMOCOES E EVENTOS LTDA / 0002;Lucro Presumido
#N/D;15609507000114;SUPREMA ENSINO PROFISSIONALIZANTE LTDA;Lucro Presumido
#N/D;35718414000135;ARQUITEC OBRAS LTDA;Lucro Presumido
#N/D;03266652000160;W. R. - WAGNER REPRESENTACOES COMERCIAIS S/C. LTDA;Lucro Presumido
#N/D;14943072000187;FREINER COMERCIAL LTDA;Lucro Presumido
#N/D;09448149000102;PLIMA COMERCIO DE PNEUS LTDA;Lucro Real
#N/D;16896203000148;SMART CLICHERIA LTDA;Lucro Real
